GENE_ID	key	EFFECT	description	confidence	IMPACT	AA_POS	HGVS_P	ALT_FREQ_gen0	ALT_FREQ_gen1_Control	ALT_FREQ_gen2_Control	ALT_FREQ_gen3_Control	ALT_FREQ_gen1_ND	ALT_FREQ_gen2_ND	ALT_FREQ_gen3_ND	Delta_gen1_gen3_Control	Delta_gen1_gen3_ND	Delta_diff_Control_vs_ND_gen1_gen3	p_treatment_diff_empirical	p_treatment_diff_BH	SIG_treatment_diff
S.CEREALE.LO7.r2.1RG00009810	chr1R_43510066_T_C	synonymous_variant	uniref100 f box protein n=1 tax=arabidopsis thaliana taxid=3702 arath	high	LOW	155/417|154/416	p.Leu155Leu|p.Leu154Leu	0.0962145110410095	0.0793201133144476	0.0920398009950249	0.0724299065420561	0.10932944606414	0.0649350649350649	0.0416666666666667	-0.00689020677239152	-0.0676627793974733	0.0607725726250818	0.00589994100058999	0.0175006688751678	TRUE
S.CEREALE.LO7.r2.1RG00009820	chr1R_43510066_T_C	downstream_gene_variant	unknown protein	low	MODIFIER			0.0962145110410095	0.0793201133144476	0.0920398009950249	0.0724299065420561	0.10932944606414	0.0649350649350649	0.0416666666666667	-0.00689020677239152	-0.0676627793974733	0.0607725726250818	0.00589994100058999	0.0175006688751678	TRUE
S.CEREALE.LO7.r2.1RG00009830	chr1R_43510066_T_C	downstream_gene_variant	uniref100 f box protein n=1 tax=arabidopsis thaliana taxid=3702 arath	high	MODIFIER			0.0962145110410095	0.0793201133144476	0.0920398009950249	0.0724299065420561	0.10932944606414	0.0649350649350649	0.0416666666666667	-0.00689020677239152	-0.0676627793974733	0.0607725726250818	0.00589994100058999	0.0175006688751678	TRUE
S.CEREALE.LO7.r2.1RG00013810	chr1R_65023004_G_A	synonymous_variant	uniref100 kinesin protein kin n=1 tax=arabidopsis thaliana taxid=3702 arath	high	LOW	18/1059	p.Ser18Ser	0.0105105105105105	0.0205882352941176	0	0	0.0158045977011494	0	0	-0.0205882352941176	-0.0158045977011494	-0.00478363759296822	0.805121948780512	0.869432764965745	FALSE
S.CEREALE.LO7.r2.1RG00014700	chr1R_69779552_G_A	intron_variant	uniref100 protein far sequence n=1 tax=arabidopsis thaliana taxid=3702 arath	high	MODIFIER			0.193146417445483	0.1234375	0.0973684210526316	0.0746268656716418	0.134441087613293	0.0855263157894737	0.0663507109004739	-0.0488106343283582	-0.0680903767128191	0.0192797423844609	0.379526204737953	0.500575838519288	FALSE
S.CEREALE.LO7.r2.1RG00016560	chr1R_81124901_C_T	upstream_gene_variant		low	MODIFIER			0.211221122112211	0.236467236467237	0.169354838709677	0.155172413793103	0.333333333333333	0.149532710280374	0.140883977900553	-0.081294822674133	-0.192449355432781	0.111154532758648	0.001009989900101	0.00377671755197342	TRUE
S.CEREALE.LO7.r2.1RG00016560	chr1R_81124919_C_T	upstream_gene_variant		low	MODIFIER			0.0313531353135314	0.056980056980057	0.0295698924731183	0.0197044334975369	0.102639296187683	0.0140845070422535	0.0331491712707182	-0.03727562348252	-0.0694901249169651	0.032214501434445	0.117888821111789	0.21752189302254	FALSE
S.CEREALE.LO7.r2.1RG00016570	chr1R_81124901_C_T	synonymous_variant	uniref100 tetraspanin n=1 tax=arabidopsis thaliana taxid=3702 arath	high	LOW	67/290|67/269	p.Phe67Phe	0.211221122112211	0.236467236467237	0.169354838709677	0.155172413793103	0.333333333333333	0.149532710280374	0.140883977900553	-0.081294822674133	-0.192449355432781	0.111154532758648	0.001009989900101	0.00377671755197342	TRUE
S.CEREALE.LO7.r2.1RG00016570	chr1R_81124919_C_T	synonymous_variant	uniref100 tetraspanin n=1 tax=arabidopsis thaliana taxid=3702 arath	high	LOW	73/290|73/269	p.His73His	0.0313531353135314	0.056980056980057	0.0295698924731183	0.0197044334975369	0.102639296187683	0.0140845070422535	0.0331491712707182	-0.03727562348252	-0.0694901249169651	0.032214501434445	0.117888821111789	0.21752189302254	FALSE
S.CEREALE.LO7.r2.1RG00016580	chr1R_81124901_C_T	downstream_gene_variant	unknown protein	high	MODIFIER			0.211221122112211	0.236467236467237	0.169354838709677	0.155172413793103	0.333333333333333	0.149532710280374	0.140883977900553	-0.081294822674133	-0.192449355432781	0.111154532758648	0.001009989900101	0.00377671755197342	TRUE
S.CEREALE.LO7.r2.1RG00016580	chr1R_81124919_C_T	downstream_gene_variant	unknown protein	high	MODIFIER			0.0313531353135314	0.056980056980057	0.0295698924731183	0.0197044334975369	0.102639296187683	0.0140845070422535	0.0331491712707182	-0.03727562348252	-0.0694901249169651	0.032214501434445	0.117888821111789	0.21752189302254	FALSE
S.CEREALE.LO7.r2.1RG00024200	chr1R_158293137_C_T	synonymous_variant	uniref100 cytochrome p450 n=1 tax=arabidopsis thaliana taxid=3702 arath	high	LOW	182/529	p.Pro182Pro	0.3953125	0.422960725075529	0.380208333333333	0.37914691943128	0.498407643312102	0.3710407239819	0.341708542713568	-0.0438138056442491	-0.156699100598534	0.112885294954285	0.014779852201478	0.0381993974177905	TRUE
S.CEREALE.LO7.r2.1RG00033950	chr1R_357166626_C_G	missense_variant	uniref100 protein eceriferum n=2 tax=arabidopsis thaliana taxid=3702 arath	high	MODERATE	282/619	p.Glu282Asp	0.151757188498403	0.15814696485623	0.125	0.101895734597156	0.157467532467533	0.13135593220339	0.0765765765765766	-0.0562512302590736	-0.0808909558909559	0.0246397256318823	0.372486275137249	0.495942900419481	FALSE
S.CEREALE.LO7.r2.1RG00037490	chr1R_413702519_C_G	missense_variant	unknown protein	low	MODERATE	260/627|260/626	p.Ala260Gly	0.0493827160493827	0.0420289855072464	0.036231884057971	0.0265486725663717	0.056379821958457	0.0266393442622951	0.0158371040723982	-0.0154803129408747	-0.0405427178860588	0.0250624049451841	0.0573794262057379	0.122607102196455	FALSE
S.CEREALE.LO7.r2.1RG00041670	chr1R_462926297_A_G	upstream_gene_variant	uniref100 lysine specific demethylase jmj n=1 tax=oryza sativa subsp japonica taxid=39947 orysj	high	MODIFIER			0.150306748466258	0.139751552795031	0.053030303030303	0.085972850678733	0.141065830721003	0.0774336283185841	0.0717592592592593	-0.053778702116298	-0.0693065714617439	0.0155278693454459	0.616363836361636	0.729467637983553	FALSE
S.CEREALE.LO7.r2.1RG00041690	chr1R_463355227_C_T	intron_variant	uniref100 xyloglucan endotransglucosylase hydrolase protein n=1 tax=arabidopsis thaliana taxid=3702 arath	high	MODIFIER			0.309904153354633	0.247747747747748	0.196601941747573	0.197183098591549	0.283536585365854	0.265086206896552	0.170616113744076	-0.0505646491561985	-0.112920471621778	0.0623558224655793	0.218887811121889	0.347281672597144	FALSE
S.CEREALE.LO7.r2.1RG00043970	chr1R_488311774_C_T	downstream_gene_variant	uniref100 udp glucuronate xylan alpha glucuronosyltransferase n=2 tax=arabidopsis thaliana taxid=3702 arath	high	MODIFIER			0.0103550295857988	0.0180555555555556	0	0.00219298245614035	0.0213675213675214	0	0	-0.0158625730994152	-0.0213675213675214	0.00550494826810617	3.49996500035e-4	0.00136693077513669	TRUE
S.CEREALE.LO7.r2.1RG00043980	chr1R_488311774_C_T	upstream_gene_variant	expressed protein	high	MODIFIER			0.0103550295857988	0.0180555555555556	0	0.00219298245614035	0.0213675213675214	0	0	-0.0158625730994152	-0.0213675213675214	0.00550494826810617	3.49996500035e-4	0.00136693077513669	TRUE
S.CEREALE.LO7.r2.1RG00056360	chr1R_621259332_C_A	synonymous_variant	uniref100 protein light dependent short hypocotyls n=1 tax=arabidopsis thaliana taxid=3702 arath	high	LOW	27/233	p.Pro27Pro	0.00735294117647059	0.0157142857142857	0	0.00221238938053097	0.0260115606936416	0	0.00222222222222222	-0.0135018963337547	-0.0237893384714194	0.0102874421376647	0.174628253717463	0.291600148131535	FALSE
S.CEREALE.LO7.r2.1RG00058160	chr1R_638119493_G_A	upstream_gene_variant	uniref100 f box protein n=1 tax=arabidopsis thaliana taxid=3702 arath	high	MODIFIER			0.63914373088685	0.6	0.555263157894737	0.518779342723005	0.610294117647059	0.455555555555556	0.444444444444444	-0.0812206572769952	-0.165849673202614	0.0846290159256192	0.0605693943060569	0.128253868063729	FALSE
S.CEREALE.LO7.r2.1RG00058170	chr1R_638119493_G_A	downstream_gene_variant	unknown protein	high	MODIFIER			0.63914373088685	0.6	0.555263157894737	0.518779342723005	0.610294117647059	0.455555555555556	0.444444444444444	-0.0812206572769952	-0.165849673202614	0.0846290159256192	0.0605693943060569	0.128253868063729	FALSE
S.CEREALE.LO7.r2.1RG00062280	chr1R_663542199_A_C	intron_variant	uniref100 signal recognition particle kda protein n=2 tax=arabidopsis thaliana taxid=3702 arath	high	MODIFIER			0.61128526645768	0.658132530120482	0.584615384615385	0.541666666666667	0.655120481927711	0.644396551724138	0.413157894736842	-0.116465863453815	-0.241962587190869	0.125496723737054	0.044269557304427	0.100069127926084	FALSE
S.CEREALE.LO7.r2.1RG00072740	chr1R_722223106_G_A	missense_variant	uniref100 f box repeat protein n=1 tax=arabidopsis thaliana taxid=3702 arath	high	MODERATE	349/444	p.Arg349Gln	0.0123076923076923	0.0202898550724638	0.0122549019607843	0.00221238938053097	0.056379821958457	0.016260162601626	0.00675675675675676	-0.0180774656919328	-0.0496230652017002	0.0315455995097674	0.352216477835222	0.478932657481936	FALSE
S.CEREALE.LO7.r2.1RG00072750	chr1R_722223106_G_A	downstream_gene_variant	uniref100 f box protein n=1 tax=arabidopsis thaliana taxid=3702 arath	high	MODIFIER			0.0123076923076923	0.0202898550724638	0.0122549019607843	0.00221238938053097	0.056379821958457	0.016260162601626	0.00675675675675676	-0.0180774656919328	-0.0496230652017002	0.0315455995097674	0.352216477835222	0.478932657481936	FALSE
S.CEREALE.LO7.r2.1RG00072760	chr1R_722223106_G_A	downstream_gene_variant	uniref100 dynamin protein n=1 tax=arabidopsis thaliana taxid=3702 arath	high	MODIFIER			0.0123076923076923	0.0202898550724638	0.0122549019607843	0.00221238938053097	0.056379821958457	0.016260162601626	0.00675675675675676	-0.0180774656919328	-0.0496230652017002	0.0315455995097674	0.352216477835222	0.478932657481936	FALSE
S.CEREALE.LO7.r2.1RG00074320	chr1R_730963996_C_T	downstream_gene_variant	catalase	low	MODIFIER			0.00473186119873817	0.0108024691358025	0	0	0.0159235668789809	0	0	-0.0108024691358025	-0.0159235668789809	0.00512109774317842	0.297387026129739	0.421498143889529	FALSE
S.CEREALE.LO7.r2.1RG00074330	chr1R_730963996_C_T	intron_variant	uniref100 ubiquitin conjugating enzyme e2 n=2 tax=arabidopsis thaliana taxid=3702 arath	high	MODIFIER			0.00473186119873817	0.0108024691358025	0	0	0.0159235668789809	0	0	-0.0108024691358025	-0.0159235668789809	0.00512109774317842	0.297387026129739	0.421498143889529	FALSE
S.CEREALE.LO7.r2.1RG00074400	chr1R_732030945_G_C	5_prime_UTR_premature_start_codon_gain_variant|5_prime_UTR_variant	uniref100 3 ketoacyl coa synthase n=1 tax=arabidopsis thaliana taxid=3702 arath	high	LOW|MODIFIER			0.00589970501474926	0.0167130919220056	0	0	0.0186246418338109	0	0	-0.0167130919220056	-0.0186246418338109	0.00191154991180532	0.466215337846622	0.589416062751401	FALSE
S.CEREALE.LO7.r2.1RG00074540	chr1R_732306306_C_T	splice_region_variant&intron_variant	3 deoxy manno octulosonate cytidylyltransferase n=1 taxid=4577 repid=kdsb	high	LOW			0.381987577639752	0.269565217391304	0.179347826086957	0.195238095238095	0.302795031055901	0.261261261261261	0.16824644549763	-0.0743271221532091	-0.13454858555827	0.0602214634050612	0.269717302826972	0.397014544498906	FALSE
S.CEREALE.LO7.r2.1RG00075350	chr1R_736420552_A_G	upstream_gene_variant	uniref100 pentatricopeptide repeat containing protein chloroplastic mitochondrial n=2 tax=arabidopsis thaliana taxid=3702 arath	high	MODIFIER			0.0148809523809524	0.0267605633802817	0.00241545893719807	0.00222222222222222	0.0244956772334294	0	0	-0.0245383411580595	-0.0244956772334294	-4.26639246300722e-5	9.99990000099999e-6	4.88189562548819e-5	TRUE
S.CEREALE.LO7.r2.1RG00075360	chr1R_736420552_A_G	intron_variant	unknown protein	low	MODIFIER			0.0148809523809524	0.0267605633802817	0.00241545893719807	0.00222222222222222	0.0244956772334294	0	0	-0.0245383411580595	-0.0244956772334294	-4.26639246300722e-5	9.99990000099999e-6	4.88189562548819e-5	TRUE
S.CEREALE.LO7.r2.1RG00075370	chr1R_736420552_A_G	downstream_gene_variant	unknown protein	low	MODIFIER			0.0148809523809524	0.0267605633802817	0.00241545893719807	0.00222222222222222	0.0244956772334294	0	0	-0.0245383411580595	-0.0244956772334294	-4.26639246300722e-5	9.99990000099999e-6	4.88189562548819e-5	TRUE
S.CEREALE.LO7.r2.1RG00078420	chr1R_748537556_C_T	intron_variant	ctp synthase	high	MODIFIER			0.0616666666666667	0.054380664652568	0.0357142857142857	0.0430622009569378	0.0654069767441861	0.0395348837209302	0.0153061224489796	-0.0113184636956302	-0.0501008542952065	0.0387823905995763	0.017079829201708	0.0431910788805781	TRUE
S.CEREALE.LO7.r2.2RG00088340	chr2R_34791560_C_T	intron_variant	uniref100 protein iq domain n=1 tax=arabidopsis thaliana taxid=3702 arath	high	MODIFIER			0.293159609120521	0.305732484076433	0.291457286432161	0.302380952380952	0.366153846153846	0.234439834024896	0.251219512195122	-0.00335153169548075	-0.114934333958724	0.111582802263243	0.004959950400496	0.0150945676690419	TRUE
S.CEREALE.LO7.r2.2RG00088350	chr2R_34791560_C_T	upstream_gene_variant	uniref100 skp protein n=1 tax=arabidopsis thaliana taxid=3702 arath	high	MODIFIER			0.293159609120521	0.305732484076433	0.291457286432161	0.302380952380952	0.366153846153846	0.234439834024896	0.251219512195122	-0.00335153169548075	-0.114934333958724	0.111582802263243	0.004959950400496	0.0150945676690419	TRUE
S.CEREALE.LO7.r2.2RG00088990	chr2R_38243911_C_A	missense_variant	unknown protein	low	MODERATE	88/197	p.Gln88His	0.17515923566879	0.219626168224299	0.220588235294118	0.182692307692308	0.228295819935691	0.179166666666667	0.139150943396226	-0.0369338605319914	-0.0891448765394649	0.0522110160074735	0.0992090079099209	0.19131038826598	FALSE
S.CEREALE.LO7.r2.2RG00092700	chr2R_59428484_G_C	synonymous_variant	anti sigma i factor rsgi	high	LOW	293/573	p.Arg293Arg	0.0636363636363636	0.0498575498575499	0.0472636815920398	0.026431718061674	0.0648967551622419	0.0273109243697479	0.013215859030837	-0.0234258317958759	-0.0516808961314049	0.028255064335529	0.014409855901441	0.0373805487037381	TRUE
S.CEREALE.LO7.r2.2RG00099650	chr2R_85442794_G_A	synonymous_variant	uniref100 brassinosteroid lrr receptor kinase n=4 tax=oryza sativa subsp japonica taxid=39947 repid=bri1 orysj	high	LOW	51/678	p.Ala51Ala	0.268025078369906	0.245398773006135	0.188118811881188	0.191780821917808	0.25314465408805	0.184322033898305	0.16747572815534	-0.0536179510883268	-0.0856689259327105	0.0320509748443837	0.357236427635724	0.484820866077054	FALSE
S.CEREALE.LO7.r2.2RG00100770	chr2R_94840037_T_C	intron_variant	unknown protein	high	MODIFIER			0.236334405144695	0.24112426035503	0.171641791044776	0.188095238095238	0.248484848484849	0.191176470588235	0.160377358490566	-0.0530290222597915	-0.0881074899942825	0.0350784677344909	0.384676153238468	0.503589079565443	FALSE
S.CEREALE.LO7.r2.2RG00153030	chr2R_779016408_G_T	synonymous_variant	uniref100 receptor protein kinase n=1 tax=arabidopsis thaliana taxid=3702 arath	high	LOW	132/353	p.Leu132Leu	0.00887573964497041	0.0178082191780822	0	0	0.0169971671388102	0	0	-0.0178082191780822	-0.0169971671388102	-8.1105203927199e-4	0.768072319276807	0.841051153351395	FALSE
S.CEREALE.LO7.r2.2RG00159970	chr2R_847322732_A_G	downstream_gene_variant	uniref100 glucan endo beta glucosidase isoform n=3 tax=arabidopsis thaliana taxid=3702 arath	high	MODIFIER			0.462797619047619	0.493055555555556	0.361904761904762	0.371739130434783	0.484240687679083	0.342741935483871	0.377155172413793	-0.121316425120773	-0.10708551526529	-0.014230909855483	0.81330186698133	0.875258495121471	FALSE
S.CEREALE.LO7.r2.2RG00159980	chr2R_847322732_A_G	synonymous_variant	uniref100 pathogenesis protein n=1 tax=nicotiana tabacum taxid=4097 repid=prb1 tobac	high	LOW	65/167	p.Ala65Ala	0.462797619047619	0.493055555555556	0.361904761904762	0.371739130434783	0.484240687679083	0.342741935483871	0.377155172413793	-0.121316425120773	-0.10708551526529	-0.014230909855483	0.81330186698133	0.875258495121471	FALSE
S.CEREALE.LO7.r2.2RG00159990	chr2R_847322732_A_G	upstream_gene_variant		low	MODIFIER			0.462797619047619	0.493055555555556	0.361904761904762	0.371739130434783	0.484240687679083	0.342741935483871	0.377155172413793	-0.121316425120773	-0.10708551526529	-0.014230909855483	0.81330186698133	0.875258495121471	FALSE
S.CEREALE.LO7.r2.2RG00160000	chr2R_847322732_A_G	upstream_gene_variant		low	MODIFIER			0.462797619047619	0.493055555555556	0.361904761904762	0.371739130434783	0.484240687679083	0.342741935483871	0.377155172413793	-0.121316425120773	-0.10708551526529	-0.014230909855483	0.81330186698133	0.875258495121471	FALSE
S.CEREALE.LO7.r2.2RG00167060	chr2R_893774982_G_C	missense_variant	uniref100 disease resistance protein rpp n=3 tax=arabidopsis thaliana taxid=3702 arath	high	MODERATE	60/908	p.Thr60Ser	0	0.0014792899408284	0.00478468899521531	0.0021551724137931	0.0140562248995984	0	0	6.758824729647e-4	-0.0140562248995984	0.0147321073725631	1.29998700013e-4	5.5053666330806e-4	TRUE
S.CEREALE.LO7.r2.2RG00167220	chr2R_894677567_G_A	intron_variant	uniref100 dihydroflavonol 4 reductase n=2 tax=arabidopsis thaliana taxid=3702 repid=dfra arath	high	MODIFIER			0.0344311377245509	0.0187319884726225	0	0	0.0288184438040346	0	0	-0.0187319884726225	-0.0288184438040346	0.0100864553314121	0.131458685413146	0.237571865926585	FALSE
S.CEREALE.LO7.r2.2RG00167230	chr2R_894677567_G_A	upstream_gene_variant	uniref100 dihydroflavonol 4 reductase n=2 tax=arabidopsis thaliana taxid=3702 repid=dfra arath	high	MODIFIER			0.0344311377245509	0.0187319884726225	0	0	0.0288184438040346	0	0	-0.0187319884726225	-0.0288184438040346	0.0100864553314121	0.131458685413146	0.237571865926585	FALSE
S.CEREALE.LO7.r2.2RG00167580	chr2R_895508056_A_C	missense_variant	unknown protein	high	MODERATE	164/220	p.Val164Gly	0.0162721893491124	0.0112044817927171	0	0	0.0185185185185185	0	0	-0.0112044817927171	-0.0185185185185185	0.00731403672580143	0.184128158718413	0.302434802754776	FALSE
S.CEREALE.LO7.r2.2RG00167620	chr2R_895690878_T_A	downstream_gene_variant	unknown protein	high	MODIFIER			0.00909090909090909	0.0302593659942363	0.0119047619047619	0.00436681222707424	0.0385756676557864	0.00409836065573771	0.00440528634361234	-0.0258925537671621	-0.034170381312174	0.00827782754501194	0.0767792322076779	0.156906396052319	FALSE
S.CEREALE.LO7.r2.2RG00168280	chr2R_899191732_G_A	upstream_gene_variant	uniref100 btb poz and math domain containing protein n=1 tax=arabidopsis thaliana taxid=3702 arath	high	MODIFIER			0.566568047337278	0.551428571428571	0.566666666666667	0.554112554112554	0.59472049689441	0.530120481927711	0.456140350877193	0.00268398268398273	-0.138580146017217	0.1412641287012	0.003749962500375	0.0118748812511875	TRUE
S.CEREALE.LO7.r2.2RG00168290	chr2R_899191732_G_A	missense_variant	uniref100 golgin candidate n=1 tax=arabidopsis thaliana taxid=3702 arath	high	MODERATE	491/509|490/508	p.Pro491Ser|p.Pro490Ser	0.566568047337278	0.551428571428571	0.566666666666667	0.554112554112554	0.59472049689441	0.530120481927711	0.456140350877193	0.00268398268398273	-0.138580146017217	0.1412641287012	0.003749962500375	0.0118748812511875	TRUE
S.CEREALE.LO7.r2.2RG00168970	chr2R_902416005_G_A	downstream_gene_variant	uniref100 cop signalosome complex subunit 5b n=2 tax=arabidopsis thaliana taxid=3702 repid=csn5b arath	high	MODIFIER			0.464809384164223	0.505540166204986	0.404522613065327	0.404545454545455	0.522535211267606	0.421487603305785	0.360986547085202	-0.100994711659532	-0.161548664182404	0.0605539525228723	0.229017709822902	0.356193473463495	FALSE
S.CEREALE.LO7.r2.2RG00168980	chr2R_902416005_G_A	5_prime_UTR_variant	uniref100 g type lectin s receptor serine threonine protein kinase n=1 tax=arabidopsis thaliana taxid=3702 arath	high	MODIFIER			0.464809384164223	0.505540166204986	0.404522613065327	0.404545454545455	0.522535211267606	0.421487603305785	0.360986547085202	-0.100994711659532	-0.161548664182404	0.0605539525228723	0.229017709822902	0.356193473463495	FALSE
S.CEREALE.LO7.r2.2RG00172880	chr2R_924975289_G_A	intron_variant	uniref100 gdsl esterase lipase n=1 tax=arabidopsis thaliana taxid=3702 arath	high	MODIFIER			0.032258064516129	0.0290858725761773	0.0218446601941748	0.00646551724137931	0.0360230547550432	0.00201612903225806	0	-0.022620355334798	-0.0360230547550432	0.0134026994202453	1.9999800002e-5	9.31116516649403e-5	TRUE
S.CEREALE.LO7.r2.2RG00188450	chr2R_989559741_C_T	missense_variant	uniref100 peroxidase n=1 tax=arabidopsis thaliana taxid=3702 arath	high	MODERATE	9/337	p.Met9Ile	0.00149253731343284	0.0164835164835165	0	0	0.0204678362573099	0	0	-0.0164835164835165	-0.0204678362573099	0.00398431977379346	0.382906170938291	0.503145865737604	FALSE
S.CEREALE.LO7.r2.3RG00197180	chr3R_84920869_T_A	upstream_gene_variant	unknown protein	low	MODIFIER			0.132075471698113	0.105571847507331	0.0398009950248756	0.0497630331753555	0.122291021671827	0.0344827586206897	0.0338164251207729	-0.0558088143319759	-0.0884745965510537	0.0326657822190778	0.02879971200288	0.0690996503004253	FALSE
S.CEREALE.LO7.r2.3RG00197190	chr3R_84920869_T_A	upstream_gene_variant	unknown protein	high	MODIFIER			0.132075471698113	0.105571847507331	0.0398009950248756	0.0497630331753555	0.122291021671827	0.0344827586206897	0.0338164251207729	-0.0558088143319759	-0.0884745965510537	0.0326657822190778	0.02879971200288	0.0690996503004253	FALSE
S.CEREALE.LO7.r2.3RG00199330	chr3R_88514603_G_A	missense_variant	unknown protein	high	MODERATE	67/180	p.Val67Met	0.0106060606060606	0.00920245398773006	0	0.00242718446601942	0.0171875	0	0	-0.00677526952171065	-0.0171875	0.0104122304782894	0.01349986500135	0.035678214646425	TRUE
S.CEREALE.LO7.r2.3RG00214920	chr3R_138910279_G_A	downstream_gene_variant	unknown protein	low	MODIFIER			0.0240963855421687	0.03	0.0216346153846154	0.0239130434782609	0.03125	0.0140562248995984	0	-0.00608695652173913	-0.03125	0.0251630434782609	0.001149988500115	0.0042774704528087	TRUE
S.CEREALE.LO7.r2.3RG00214930	chr3R_138910279_G_A	synonymous_variant	uniref100 rich receptor serine threonine protein kinase n=2 tax=arabidopsis thaliana taxid=3702 arath	high	LOW	27/1055	p.Asp27Asp	0.0240963855421687	0.03	0.0216346153846154	0.0239130434782609	0.03125	0.0140562248995984	0	-0.00608695652173913	-0.03125	0.0251630434782609	0.001149988500115	0.0042774704528087	TRUE
S.CEREALE.LO7.r2.3RG00217760	chr3R_151025938_T_C	synonymous_variant	uniref100 alpha amylase trypsin inhibitor n=1 tax=hordeum vulgare taxid=4513 horvu	high	LOW	113/148	p.Gln113Gln	0.0233644859813084	0.0163690476190476	0	0	0.0214067278287462	0	0	-0.0163690476190476	-0.0214067278287462	0.00503768020969856	0.241547584524155	0.371174148520524	FALSE
S.CEREALE.LO7.r2.3RG00219950	chr3R_165096390_C_T	downstream_gene_variant	uniref100 f box protein pp n=1 tax=arabidopsis thaliana taxid=3702 arath	high	MODIFIER			0.0128205128205128	0.0151975683890578	0	0	0.0226586102719033	0	0	-0.0151975683890578	-0.0226586102719033	0.00746104188284557	0.272917270827292	0.399887539586143	FALSE
S.CEREALE.LO7.r2.3RG00219960	chr3R_165096390_C_T	5_prime_UTR_variant	uniref100 kin protein n=1 tax=arabidopsis thaliana taxid=3702 repid=kin17 arath	high	MODIFIER			0.0128205128205128	0.0151975683890578	0	0	0.0226586102719033	0	0	-0.0151975683890578	-0.0226586102719033	0.00746104188284557	0.272917270827292	0.399887539586143	FALSE
S.CEREALE.LO7.r2.3RG00219970	chr3R_165096390_C_T	downstream_gene_variant	3 beta hydroxysteroid delta isomerase	high	MODIFIER			0.0128205128205128	0.0151975683890578	0	0	0.0226586102719033	0	0	-0.0151975683890578	-0.0226586102719033	0.00746104188284557	0.272917270827292	0.399887539586143	FALSE
S.CEREALE.LO7.r2.3RG00225080	chr3R_191647922_C_G	upstream_gene_variant	uniref100 e3 ubiquitin protein ligase ring n=3 tax=arabidopsis thaliana taxid=3702 arath	high	MODIFIER			0.192901234567901	0.229885057471264	0.232323232323232	0.148780487804878	0.218068535825545	0.130434782608696	0.136363636363636	-0.0811045696663863	-0.0817048994619088	6.0032979552249e-4	0.428105718942811	0.552217101682194	FALSE
S.CEREALE.LO7.r2.3RG00225080	chr3R_191647924_A_G	upstream_gene_variant	uniref100 e3 ubiquitin protein ligase ring n=3 tax=arabidopsis thaliana taxid=3702 arath	high	MODIFIER			0.112654320987654	0.133620689655172	0.0753768844221106	0.0558252427184466	0.114906832298137	0.0369565217391304	0.0406091370558376	-0.0777954469367258	-0.0742976952422991	-0.00349775169442672	0.212047879521205	0.339566422103433	FALSE
S.CEREALE.LO7.r2.3RG00237120	chr3R_337406249_G_C	missense_variant	o48522 vq motif containing protein n=2 tax=arabidopsis thaliana taxid=3702 arath	high	MODERATE	178/209	p.Gln178Glu	0.305471124620061	0.312684365781711	0.370192307692308	0.328703703703704	0.312297734627832	0.288	0.183720930232558	0.0160193379219928	-0.128576804395274	0.144596142317266	5.09994900051e-4	0.00195916073626149	TRUE
S.CEREALE.LO7.r2.3RG00260210	chr3R_784045682_T_A	intron_variant	rna polymerase iii subunit rpc domain containing protein expressed	high	MODIFIER			0.319277108433735	0.307352941176471	0.247474747474748	0.238532110091743	0.326470588235294	0.255364806866953	0.204545454545455	-0.0688208310847275	-0.12192513368984	0.0531043026051121	0.197188028119719	0.319408257530328	FALSE
S.CEREALE.LO7.r2.3RG00260220	chr3R_784045682_T_A	upstream_gene_variant	uniref100 p25873 50s ribosomal protein l15 chloroplastic n=3 tax=arabidopsis thaliana taxid=3702 repid=rk15 arath	high	MODIFIER			0.319277108433735	0.307352941176471	0.247474747474748	0.238532110091743	0.326470588235294	0.255364806866953	0.204545454545455	-0.0688208310847275	-0.12192513368984	0.0531043026051121	0.197188028119719	0.319408257530328	FALSE
S.CEREALE.LO7.r2.3RG00261520	chr3R_798601110_C_T	synonymous_variant	uniref100 leucine rich repeat receptor serine threonine protein kinase n=1 tax=arabidopsis thaliana taxid=3702 arath	high	LOW	991/1057	p.Ser991Ser	0.0192878338278932	0.015850144092219	0	0	0.0236686390532544	0	0	-0.015850144092219	-0.0236686390532544	0.00781849496103542	0.163358366416336	0.275617075963533	FALSE
S.CEREALE.LO7.r2.3RG00264230	chr3R_830427528_T_C	downstream_gene_variant	unknown protein	low	MODIFIER			0.166167664670659	0.137535816618911	0.0960591133004926	0.0995260663507109	0.163793103448276	0.06875	0.0678733031674208	-0.0380097502682003	-0.095919800280855	0.0579100500126548	0.00808991910080899	0.0234041692504886	TRUE
S.CEREALE.LO7.r2.3RG00264240	chr3R_830427528_T_C	synonymous_variant	uniref100 transcription factor tga n=2 tax=arabidopsis thaliana taxid=3702 arath	high	LOW	118/296	p.Gly118Gly	0.166167664670659	0.137535816618911	0.0960591133004926	0.0995260663507109	0.163793103448276	0.06875	0.0678733031674208	-0.0380097502682003	-0.095919800280855	0.0579100500126548	0.00808991910080899	0.0234041692504886	TRUE
S.CEREALE.LO7.r2.3RG00271130	chr3R_898232410_A_T	missense_variant	uniref100 disease resistance protein rrs n=1 tax=arabidopsis thaliana taxid=3702 arath	high	MODERATE	329/348	p.Ser329Cys	0.0170278637770898	0.0138036809815951	0	0	0.0229357798165138	0.00220264317180617	0	-0.0138036809815951	-0.0229357798165138	0.00913209883491867	0.002339976600234	0.00790867091329087	TRUE
S.CEREALE.LO7.r2.3RG00276840	chr3R_952916984_G_A	upstream_gene_variant	uniref100 protein cov n=1 tax=arabidopsis thaliana taxid=3702 arath	high	MODIFIER			0.193939393939394	0.175384615384615	0.133165829145729	0.163551401869159	0.209030100334448	0.144628099173554	0.131221719457014	-0.0118332135154565	-0.0778083808774346	0.0659751673619781	0.0610593894061059	0.128601408596692	FALSE
S.CEREALE.LO7.r2.3RG00276850	chr3R_952916984_G_A	synonymous_variant	uniref100 ethylene responsive transcription factor erf n=1 tax=arabidopsis thaliana taxid=3702 arath	high	LOW	271/391	p.Tyr271Tyr	0.193939393939394	0.175384615384615	0.133165829145729	0.163551401869159	0.209030100334448	0.144628099173554	0.131221719457014	-0.0118332135154565	-0.0778083808774346	0.0659751673619781	0.0610593894061059	0.128601408596692	FALSE
S.CEREALE.LO7.r2.3RG00284520	chr3R_1011581600_C_T	synonymous_variant	uniref100 protein smax n=1 tax=arabidopsis thaliana taxid=3702 arath	high	LOW	85/509	p.Gly85Gly	0.0102941176470588	0.0126404494382022	0.00714285714285714	0.00427350427350427	0.0142045454545455	0	0	-0.00836694516469797	-0.0142045454545455	0.00583760028984748	0.002969970300297	0.00975649122013453	TRUE
S.CEREALE.LO7.r2.4RG00306350	chr4R_38264075_G_A	synonymous_variant	uniref100 seed linoleate 9s lipoxygenase n=1 tax=glycine max taxid=3847 soybn	high	LOW	674/861	p.His674His	0.0264705882352941	0.0322128851540616	0.00956937799043062	0.00652173913043478	0.0198863636363636	0	0	-0.0256911460236268	-0.0198863636363636	-0.0058047823872632	6.99993000069999e-5	3.0376239447482e-4	TRUE
S.CEREALE.LO7.r2.4RG00309760	chr4R_55567393_A_G	synonymous_variant	uniref100 dynamin protein 1c n=2 tax=arabidopsis thaliana taxid=3702 arath	high	LOW	474/610	p.Arg474Arg	0.00473186119873817	0.0396341463414634	0.00251256281407035	0.0234741784037559	0.0666666666666667	0.0148936170212766	0.0257009345794393	-0.0161599679377076	-0.0409657320872274	0.0248057641495199	0.306476935230648	0.431770111156604	FALSE
S.CEREALE.LO7.r2.4RG00309770	chr4R_55567393_A_G	downstream_gene_variant	nadh dehydrogenase [ubiquinone] iron sulfur protein 1 mitochondrial	high	MODIFIER			0.00473186119873817	0.0396341463414634	0.00251256281407035	0.0234741784037559	0.0666666666666667	0.0148936170212766	0.0257009345794393	-0.0161599679377076	-0.0409657320872274	0.0248057641495199	0.306476935230648	0.431770111156604	FALSE
S.CEREALE.LO7.r2.4RG00309780	chr4R_55567393_A_G	downstream_gene_variant	uniref100 nadh dehydrogenase [ubiquinone] iron sulfur protein 1 mitochondrial n=2 taxid=3702 repid=ndus1	high	MODIFIER			0.00473186119873817	0.0396341463414634	0.00251256281407035	0.0234741784037559	0.0666666666666667	0.0148936170212766	0.0257009345794393	-0.0161599679377076	-0.0409657320872274	0.0248057641495199	0.306476935230648	0.431770111156604	FALSE
S.CEREALE.LO7.r2.4RG00314890	chr4R_88177989_G_C	synonymous_variant	uniref100 metacaspase n=1 tax=arabidopsis thaliana taxid=3702 arath	high	LOW	124/362	p.Arg124Arg	0.0342261904761905	0.0580736543909348	0.0167464114832536	0.0174672489082969	0.0504201680672269	0.00602409638554217	0.012987012987013	-0.0406064054826379	-0.0374331550802139	-0.003173250402424	0.274747252527475	0.400720577856462	FALSE
S.CEREALE.LO7.r2.4RG00314900	chr4R_88177989_G_C	downstream_gene_variant	uniref100 atp dependent rna helicase deah chloroplastic n=1 tax=arabidopsis thaliana taxid=3702 arath	high	MODIFIER			0.0342261904761905	0.0580736543909348	0.0167464114832536	0.0174672489082969	0.0504201680672269	0.00602409638554217	0.012987012987013	-0.0406064054826379	-0.0374331550802139	-0.003173250402424	0.274747252527475	0.400720577856462	FALSE
S.CEREALE.LO7.r2.4RG00342650	chr4R_567887324_A_G	intron_variant	hga	high	MODIFIER			0.0164670658682635	0.0158045977011494	0	0	0.0314285714285714	0	0	-0.0158045977011494	-0.0314285714285714	0.015623973727422	0.048109518904811	0.106690825836221	FALSE
S.CEREALE.LO7.r2.4RG00346190	chr4R_606933961_G_C	downstream_gene_variant	cation h + antiporter	low	MODIFIER			0.204747774480712	0.230769230769231	0.211904761904762	0.202127659574468	0.254491017964072	0.162	0.175324675324675	-0.0286415711947627	-0.0791663426393965	0.0505247714446338	0.108338916610834	0.203717588492564	FALSE
S.CEREALE.LO7.r2.4RG00346200	chr4R_606933961_G_C	missense_variant	uniref100 nuclear transcription factor y subunit b 10 n=2 tax=arabidopsis thaliana taxid=3702 arath	high	MODERATE	137/312	p.Ala137Pro	0.204747774480712	0.230769230769231	0.211904761904762	0.202127659574468	0.254491017964072	0.162	0.175324675324675	-0.0286415711947627	-0.0791663426393965	0.0505247714446338	0.108338916610834	0.203717588492564	FALSE
S.CEREALE.LO7.r2.4RG00347160	chr4R_616428772_G_T	downstream_gene_variant	uniref100 squamosa promoter binding protein n=1 tax=arabidopsis thaliana taxid=3702 arath	high	MODIFIER			0.0990990990990991	0.145714285714286	0.0898058252427185	0.0956521739130435	0.146131805157593	0.100806451612903	0.0714285714285714	-0.0500621118012422	-0.0747032337290217	0.0246411219277795	0.334226657733423	0.460708510561953	FALSE
S.CEREALE.LO7.r2.4RG00370230	chr4R_777392007_G_A	synonymous_variant	uniref100 peroxidase n=1 tax=arabidopsis thaliana taxid=3702 arath	high	LOW	70/331	p.His70His	0.445619335347432	0.32378223495702	0.334975369458128	0.345814977973568	0.413597733711048	0.367521367521368	0.285046728971963	0.0220327430165482	-0.128551004739086	0.150583747755634	0.001649983500165	0.00582883618399997	TRUE
S.CEREALE.LO7.r2.4RG00370240	chr4R_777392007_G_A	upstream_gene_variant	dtc osat consensus 1 oryza sativa dna transposon tir cacta protein	low	MODIFIER			0.445619335347432	0.32378223495702	0.334975369458128	0.345814977973568	0.413597733711048	0.367521367521368	0.285046728971963	0.0220327430165482	-0.128551004739086	0.150583747755634	0.001649983500165	0.00582883618399997	TRUE
S.CEREALE.LO7.r2.4RG00393970	chr4R_882150591_C_T	upstream_gene_variant	uniref100 pearli lipid transfer protein n=1 tax=arabidopsis thaliana taxid=3702 arath	low	MODIFIER			0.0362537764350453	0.0541310541310541	0.0247524752475248	0.0221238938053097	0.0941176470588235	0.0164609053497942	0.0238095238095238	-0.0320071603257444	-0.0703081232492997	0.0383009629235553	0.030649693503065	0.0727930220697793	FALSE
S.CEREALE.LO7.r2.4RG00399280	chr4R_903149750_G_C	5_prime_UTR_variant|upstream_gene_variant	uniref100 protein nrt ptr family n=1 tax=arabidopsis thaliana taxid=3702 arath	high	MODIFIER			0.122073578595318	0.0802469135802469	0.047029702970297	0.0658536585365854	0.0841121495327103	0.0601659751037344	0.0283018867924528	-0.0143932550436615	-0.0558102627402575	0.0414170076965959	0.041289587104129	0.0945491196553832	FALSE
S.CEREALE.LO7.r2.4RG00404950	chr4R_922019707_G_A	synonymous_variant	c5y376 casp protein n=1 taxid=4558	high	LOW	116/317	p.Ala116Ala	0	0.00831024930747923	0	0	0.0169491525423729	0	0	-0.00831024930747923	-0.0169491525423729	0.00863890323489366	0.145678543214568	0.254124108882981	FALSE
S.CEREALE.LO7.r2.4RG00411090	chr4R_940011641_C_T	synonymous_variant	uniref100 dexh box atp dependent rna helicase n=1 tax=arabidopsis thaliana taxid=3702 arath	high	LOW	2062/2179	p.Tyr2062Tyr	0.0138036809815951	0.0318840579710145	0.00728155339805825	0.0285087719298246	0.084070796460177	0.0184426229508197	0.015695067264574	-0.00337528604118993	-0.068375729195603	0.0650004431544131	0.001839981600184	0.00640350032143243	TRUE
S.CEREALE.LO7.r2.4RG00411090	chr4R_940011671_T_C	synonymous_variant	uniref100 dexh box atp dependent rna helicase n=1 tax=arabidopsis thaliana taxid=3702 arath	high	LOW	2072/2179	p.Ala2072Ala	0.00632911392405063	0.0358255451713396	0.00253807106598985	0.0563725490196079	0.111940298507463	0.0257510729613734	0.0212264150943396	0.0205470038482683	-0.0907138834131231	0.111260887261391	1.09998900011e-4	4.7151967504715e-4	TRUE
S.CEREALE.LO7.r2.4RG00411100	chr4R_940011641_C_T	upstream_gene_variant	uniref100 udp glycosyltransferase n=2 tax=arabidopsis thaliana taxid=3702 repid= arath	low	MODIFIER			0.0138036809815951	0.0318840579710145	0.00728155339805825	0.0285087719298246	0.084070796460177	0.0184426229508197	0.015695067264574	-0.00337528604118993	-0.068375729195603	0.0650004431544131	0.001839981600184	0.00640350032143243	TRUE
S.CEREALE.LO7.r2.4RG00411100	chr4R_940011671_T_C	upstream_gene_variant	uniref100 udp glycosyltransferase n=2 tax=arabidopsis thaliana taxid=3702 repid= arath	low	MODIFIER			0.00632911392405063	0.0358255451713396	0.00253807106598985	0.0563725490196079	0.111940298507463	0.0257510729613734	0.0212264150943396	0.0205470038482683	-0.0907138834131231	0.111260887261391	1.09998900011e-4	4.7151967504715e-4	TRUE
S.CEREALE.LO7.r2.4RG00417350	chr4R_962187002_C_T	stop_retained_variant	uniref100 wat protein n=1 tax=arabidopsis thaliana taxid=3702 arath	high	LOW	655/654	p.Ter655Ter	0.00739644970414201	0.0140449438202247	0.00731707317073171	0	0.0385714285714286	0.00403225806451613	0.00216450216450216	-0.0140449438202247	-0.0364069264069264	0.0223619825867017	0.119038809611904	0.21849682286467	FALSE
S.CEREALE.LO7.r2.4RG00417360	chr4R_962187002_C_T	downstream_gene_variant	f box domain containing protein expressed	low	MODIFIER			0.00739644970414201	0.0140449438202247	0.00731707317073171	0	0.0385714285714286	0.00403225806451613	0.00216450216450216	-0.0140449438202247	-0.0364069264069264	0.0223619825867017	0.119038809611904	0.21849682286467	FALSE
S.CEREALE.LO7.r2.5RG00421530	chr5R_8559589_C_T	downstream_gene_variant	uniref100 sucrose phosphatase n=1 taxid=4097	high	MODIFIER			0.326409495548961	0.364553314121038	0.261780104712042	0.286082474226804	0.358630952380952	0.231481481481482	0.195544554455446	-0.0784708398942334	-0.163086397925507	0.0846155580312735	0.024489755102449	0.0595719648339849	FALSE
S.CEREALE.LO7.r2.5RG00421540	chr5R_8559589_C_T	3_prime_UTR_variant	uniref100 ethylene receptor n=2 tax=arabidopsis thaliana taxid=3702 repid=etr1 arath	high	MODIFIER			0.326409495548961	0.364553314121038	0.261780104712042	0.286082474226804	0.358630952380952	0.231481481481482	0.195544554455446	-0.0784708398942334	-0.163086397925507	0.0846155580312735	0.024489755102449	0.0595719648339849	FALSE
S.CEREALE.LO7.r2.5RG00423200	chr5R_16692551_C_G	synonymous_variant	unknown protein	high	LOW	47/599	p.Gly47Gly	0.00151057401812689	0.0173913043478261	0.0072463768115942	0.0422222222222222	0.0461309523809524	0.00404858299595142	0.0112107623318386	0.0248309178743961	-0.0349201900491138	0.05975110792351	0.002439975600244	0.00820719065536617	TRUE
S.CEREALE.LO7.r2.5RG00423210	chr5R_16692551_C_G	upstream_gene_variant	uniref100 mitogen activated protein kinase n=1 tax=arabidopsis thaliana taxid=3702 arath|uniref100 serine threonine protein kinase afc n=3 tax=arabidopsis thaliana taxid=3702 arath	high	MODIFIER			0.00151057401812689	0.0173913043478261	0.0072463768115942	0.0422222222222222	0.0461309523809524	0.00404858299595142	0.0112107623318386	0.0248309178743961	-0.0349201900491138	0.05975110792351	0.002439975600244	0.00820719065536617	TRUE
S.CEREALE.LO7.r2.5RG00425350	chr5R_47399709_A_G	intron_variant	q8h1u4 anaphase promoting complex subunit n=2 taxid=3702	high	MODIFIER			0.0119402985074627	0.0157593123209169	0	0	0.0213068181818182	0	0	-0.0157593123209169	-0.0213068181818182	0.00554750586090128	0.279637203627964	0.405329802372079	FALSE
S.CEREALE.LO7.r2.5RG00425360	chr5R_47399709_A_G	downstream_gene_variant	uniref100 basic leucine zipper n=1 tax=arabidopsis thaliana taxid=3702 arath	high	MODIFIER			0.0119402985074627	0.0157593123209169	0	0	0.0213068181818182	0	0	-0.0157593123209169	-0.0213068181818182	0.00554750586090128	0.279637203627964	0.405329802372079	FALSE
S.CEREALE.LO7.r2.5RG00428770	chr5R_66785762_A_C	downstream_gene_variant	uniref100 cationic amino acid transporter 2 n=1 tax=arabidopsis thaliana taxid=3702 arath	high	MODIFIER			0.178885630498534	0.202412868632708	0.117486338797814	0.141089108910891	0.213276836158192	0.101415094339623	0.0893719806763285	-0.0613237597218167	-0.123904855481864	0.0625810957600469	0.012969870301297	0.0348008351977549	TRUE
S.CEREALE.LO7.r2.5RG00428770	chr5R_66785827_G_A	downstream_gene_variant	uniref100 cationic amino acid transporter 2 n=1 tax=arabidopsis thaliana taxid=3702 arath	high	MODIFIER			0.215542521994135	0.250670241286863	0.190184049079755	0.152406417112299	0.254261363636364	0.134920634920635	0.139784946236559	-0.0982638241745638	-0.114476417399805	0.0162125932252407	0.329516704832952	0.456351546504181	FALSE
S.CEREALE.LO7.r2.5RG00428780	chr5R_66785762_A_C	intron_variant	expressed protein	high	MODIFIER			0.178885630498534	0.202412868632708	0.117486338797814	0.141089108910891	0.213276836158192	0.101415094339623	0.0893719806763285	-0.0613237597218167	-0.123904855481864	0.0625810957600469	0.012969870301297	0.0348008351977549	TRUE
S.CEREALE.LO7.r2.5RG00428780	chr5R_66785827_G_A	intron_variant	expressed protein	high	MODIFIER			0.215542521994135	0.250670241286863	0.190184049079755	0.152406417112299	0.254261363636364	0.134920634920635	0.139784946236559	-0.0982638241745638	-0.114476417399805	0.0162125932252407	0.329516704832952	0.456351546504181	FALSE
S.CEREALE.LO7.r2.5RG00431530	chr5R_80428956_G_A	synonymous_variant	uniref100 protein detoxification n=1 tax=arabidopsis thaliana taxid=3702 arath	high	LOW	228/503	p.Leu228Leu	0.0147058823529412	0.00835654596100279	0	0	0.0171428571428571	0	0	-0.00835654596100279	-0.0171428571428571	0.00878631118185436	0.136578634213658	0.244935662888269	FALSE
S.CEREALE.LO7.r2.5RG00431540	chr5R_80428956_G_A	downstream_gene_variant	protein detoxification	high	MODIFIER			0.0147058823529412	0.00835654596100279	0	0	0.0171428571428571	0	0	-0.00835654596100279	-0.0171428571428571	0.00878631118185436	0.136578634213658	0.244935662888269	FALSE
S.CEREALE.LO7.r2.5RG00431990	chr5R_81203304_T_C	upstream_gene_variant	uniref100 wall associated receptor kinase n=1 tax=arabidopsis thaliana taxid=3702 arath	high	MODIFIER			0.00155763239875389	0.027536231884058	0	0.031390134529148	0.0597667638483965	0.0102880658436214	0.0115207373271889	0.00385390264509001	-0.0482460265212076	0.0520999291662976	0.001519984800152	0.00547974007439413	TRUE
S.CEREALE.LO7.r2.5RG00432000	chr5R_81203304_T_C	missense_variant	uniref100 wall associated receptor kinase n=1 tax=arabidopsis thaliana taxid=3702 arath	high	MODERATE	280/340	p.Thr280Ala	0.00155763239875389	0.027536231884058	0	0.031390134529148	0.0597667638483965	0.0102880658436214	0.0115207373271889	0.00385390264509001	-0.0482460265212076	0.0520999291662976	0.001519984800152	0.00547974007439413	TRUE
S.CEREALE.LO7.r2.5RG00432010	chr5R_81203304_T_C	downstream_gene_variant	wall associated receptor kinase	low	MODIFIER			0.00155763239875389	0.027536231884058	0	0.031390134529148	0.0597667638483965	0.0102880658436214	0.0115207373271889	0.00385390264509001	-0.0482460265212076	0.0520999291662976	0.001519984800152	0.00547974007439413	TRUE
S.CEREALE.LO7.r2.5RG00432020	chr5R_81203304_T_C	downstream_gene_variant		low	MODIFIER			0.00155763239875389	0.027536231884058	0	0.031390134529148	0.0597667638483965	0.0102880658436214	0.0115207373271889	0.00385390264509001	-0.0482460265212076	0.0520999291662976	0.001519984800152	0.00547974007439413	TRUE
S.CEREALE.LO7.r2.5RG00435590	chr5R_95568278_C_A	upstream_gene_variant		low	MODIFIER			0.036741214057508	0.0514705882352941	0.0380952380952381	0.0198237885462555	0.0599369085173502	0.0286885245901639	0.00896860986547085	-0.0316467996890386	-0.0509682986518793	0.0193214989628407	0.04739952600474	0.105448945510545	FALSE
S.CEREALE.LO7.r2.5RG00435600	chr5R_95568278_C_A	downstream_gene_variant	q8l5y6 cullin associated nedd dissociated protein n=1 taxid=3702|uniref100 q8l5y6 cullin associated nedd dissociated protein n=1 tax=arabidopsis thaliana taxid=3702 repid=cand1 arath	high	MODIFIER			0.036741214057508	0.0514705882352941	0.0380952380952381	0.0198237885462555	0.0599369085173502	0.0286885245901639	0.00896860986547085	-0.0316467996890386	-0.0509682986518793	0.0193214989628407	0.04739952600474	0.105448945510545	FALSE
S.CEREALE.LO7.r2.5RG00446720	chr5R_243975649_T_G	missense_variant	q94ay3 e3 ubiquitin protein ligase drip n=3 tax=arabidopsis thaliana taxid=3702 arath	high	MODERATE	125/282	p.Asp125Ala	0.0176991150442478	0.0322128851540616	0.0261904761904762	0.0258620689655172	0.0357142857142857	0.02	0	-0.00635081618854438	-0.0357142857142857	0.0293634695257413	0.001769982300177	0.00622148778512215	TRUE
S.CEREALE.LO7.r2.5RG00458600	chr5R_453160170_T_C	synonymous_variant	uniref100 tropinone reductase homolog n=1 tax=arabidopsis thaliana taxid=3702 arath	high	LOW	240/374	p.Pro240Pro	0.114420062695925	0.186915887850467	0.174019607843137	0.147727272727273	0.240677966101695	0.156903765690377	0.142201834862385	-0.0391886151231946	-0.0984761312393096	0.0592875161161151	0.0836291637083629	0.168417030115413	FALSE
S.CEREALE.LO7.r2.5RG00458610	chr5R_453160170_T_C	upstream_gene_variant	uniref100 kda late embryogenesis abundant protein n=1 taxid=4232	high	MODIFIER			0.114420062695925	0.186915887850467	0.174019607843137	0.147727272727273	0.240677966101695	0.156903765690377	0.142201834862385	-0.0391886151231946	-0.0984761312393096	0.0592875161161151	0.0836291637083629	0.168417030115413	FALSE
S.CEREALE.LO7.r2.5RG00476550	chr5R_566182174_C_T	downstream_gene_variant	unknown protein	high	MODIFIER			0.613569321533923	0.570080862533693	0.569711538461538	0.50635593220339	0.598853868194842	0.520242914979757	0.455128205128205	-0.0637249303303029	-0.143725663066637	0.0800007327363344	0.0852991470085299	0.169873372087809	FALSE
S.CEREALE.LO7.r2.5RG00476560	chr5R_566182174_C_T	synonymous_variant	uniref100 phd finger protein n=1 tax=arabidopsis thaliana taxid=3702 arath	high	LOW	260/700	p.Tyr260Tyr	0.613569321533923	0.570080862533693	0.569711538461538	0.50635593220339	0.598853868194842	0.520242914979757	0.455128205128205	-0.0637249303303029	-0.143725663066637	0.0800007327363344	0.0852991470085299	0.169873372087809	FALSE
S.CEREALE.LO7.r2.5RG00477450	chr5R_574983153_C_T	intron_variant	uniref100 3 oxoacyl [acyl carrier protein] reductase chloroplastic n=1 tax=arabidopsis thaliana taxid=3702 repid=fabg arath	high	MODIFIER			0	0.00284900284900285	0	0	0.0145348837209302	0	0	-0.00284900284900285	-0.0145348837209302	0.0116858808719274	0.280977190228098	0.40643408380731	FALSE
S.CEREALE.LO7.r2.5RG00480790	chr5R_598760932_T_G	splice_acceptor_variant&intron_variant	rlc hvul 1 hordeum vulgare retrotransposon ltr copia polyprotein	high	HIGH			0.393188854489164	0.471641791044776	0.45	0.440265486725664	0.536544850498339	0.384453781512605	0.400452488687783	-0.0313763043191124	-0.136092361810556	0.104716057491444	0.020079799202008	0.0498802079117018	TRUE
S.CEREALE.LO7.r2.5RG00485400	chr5R_628427878_G_C	intron_variant	unknown protein	low	MODIFIER			0.0979228486646884	0.103351955307263	0.0655339805825243	0.0560538116591928	0.114406779661017	0.0467479674796748	0.0405405405405405	-0.0472981436480697	-0.0738662391204764	0.0265680954724067	0.0695393046069539	0.144206876515306	FALSE
S.CEREALE.LO7.r2.5RG00501370	chr5R_720577090_A_T	intron_variant	uniref100 molybdenum cofactor sulfurase n=1 taxid=4081 repid=mocos	high	MODIFIER			0.248417721518987	0.217717717717718	0.166666666666667	0.15311004784689	0.230886850152905	0.154320987654321	0.153301886792453	-0.0646076698708278	-0.0775849633604524	0.0129772934896246	0.651953480465195	0.7550630918732	FALSE
S.CEREALE.LO7.r2.5RG00501380	chr5R_720577090_A_T	downstream_gene_variant	uniref100 glucan endo beta glucosidase n=1 tax=arabidopsis thaliana taxid=3702 arath	high	MODIFIER			0.248417721518987	0.217717717717718	0.166666666666667	0.15311004784689	0.230886850152905	0.154320987654321	0.153301886792453	-0.0646076698708278	-0.0775849633604524	0.0129772934896246	0.651953480465195	0.7550630918732	FALSE
S.CEREALE.LO7.r2.5RG00501390	chr5R_720577090_A_T	downstream_gene_variant	protein suppressor of fri n=1 tax=arabidopsis thaliana taxid=3702 repid=suf4 arath	high	MODIFIER			0.248417721518987	0.217717717717718	0.166666666666667	0.15311004784689	0.230886850152905	0.154320987654321	0.153301886792453	-0.0646076698708278	-0.0775849633604524	0.0129772934896246	0.651953480465195	0.7550630918732	FALSE
S.CEREALE.LO7.r2.5RG00502620	chr5R_726819023_G_C	5_prime_UTR_variant	uniref100 histone lysine n methyltransferase h3 specific suvh =1 tax=arabidopsis thaliana taxid=3702 arath	high	MODIFIER			0.0205882352941176	0.0210084033613445	0.00476190476190476	0.00652173913043478	0.0244956772334294	0	0	-0.0144866642309098	-0.0244956772334294	0.0100090130025196	6.99993000069999e-5	3.0376239447482e-4	TRUE
S.CEREALE.LO7.r2.5RG00503870	chr5R_734404964_T_A	synonymous_variant	uniref100 homeobox leucine zipper protein hox n=2 tax=oryza sativa subsp japonica taxid=39947 orysj	high	LOW	586/863	p.Ala586Ala	0.00741839762611276	0.0144092219020173	0	0	0.0142857142857143	0	0	-0.0144092219020173	-0.0142857142857143	-1.23507616303e-4	0.746852531474685	0.82870139802539	FALSE
S.CEREALE.LO7.r2.5RG00508380	chr5R_765394677_C_A	intron_variant	uniref100 thioredoxin protein hcf chloroplastic n=1 tax=arabidopsis thaliana taxid=3702 arath	high	MODIFIER			0.026813880126183	0.0204081632653061	0.00520833333333333	0.00235849056603774	0.0186781609195402	0	0	-0.0180496726992684	-0.0186781609195402	6.2848822027184e-4	2.29997700023e-4	9.292435811274e-4	TRUE
S.CEREALE.LO7.r2.5RG00508910	chr5R_769223497_A_C	intron_variant	uniref100 tubulin alpha chain n=5 taxid=1437183 repid=tba1 maize	high	MODIFIER			0.0613207547169811	0.022189349112426	0.00483091787439614	0.0200892857142857	0.0301587301587302	0	0.00478468899521531	-0.00210006339814032	-0.0253740411635149	0.0232739777653745	0.001459985400146	0.00531797790830382	TRUE
S.CEREALE.LO7.r2.5RG00508920	chr5R_769223497_A_C	upstream_gene_variant	unknown protein	high	MODIFIER			0.0613207547169811	0.022189349112426	0.00483091787439614	0.0200892857142857	0.0301587301587302	0	0.00478468899521531	-0.00210006339814032	-0.0253740411635149	0.0232739777653745	0.001459985400146	0.00531797790830382	TRUE
S.CEREALE.LO7.r2.5RG00512630	chr5R_799902274_G_C	synonymous_variant	uniref100 non specific lipid transfer protein n=1 tax=arabidopsis thaliana taxid=3702 arath	high	LOW	71/172	p.Leu71Leu	0.00641025641025641	0.00591715976331361	0	0	0.0155763239875389	0	0	-0.00591715976331361	-0.0155763239875389	0.00965916422422533	0.149018509814902	0.257792876616688	FALSE
S.CEREALE.LO7.r2.5RG00513970	chr5R_807718104_G_A	downstream_gene_variant	uniref100 leucine rich repeat receptor protein kinase n=1 tax=arabidopsis thaliana taxid=3702 arath	high	MODIFIER			0.197819314641745	0.159159159159159	0.112980769230769	0.121004566210046	0.208083832335329	0.13771186440678	0.125	-0.0381545929491135	-0.0830838323353293	0.0449292393862159	0.244117558824412	0.372586274137259	FALSE
S.CEREALE.LO7.r2.5RG00517000	chr5R_826712032_A_G	downstream_gene_variant	uniref100 histone h2a 2 1 tax=triticum aestivum taxid=4565 wheat	high	MODIFIER			0.0256410256410256	0.0416666666666667	0.0465686274509804	0.0374449339207048	0.0707964601769912	0.025	0.0202702702702703	-0.00422173274596182	-0.0505261899067209	0.0463044571607591	0.004089959100409	0.0128934585093611	TRUE
S.CEREALE.LO7.r2.5RG00523700	chr5R_862367432_G_C	5_prime_UTR_variant	uniref100 heavy metal associated isoprenylated plant protein n=1 tax=arabidopsis thaliana taxid=3702 arath	high	MODIFIER			0.0210843373493976	0.0365853658536585	0.0153061224489796	0.00497512437810945	0.0377643504531722	0.00655021834061135	0.004739336492891	-0.0316102414755491	-0.0330250139602812	0.00141477248473212	0.220787792122079	0.347281672597144	FALSE
S.CEREALE.LO7.r2.5RG00525450	chr5R_872693393_G_T	intron_variant	u box domain containing protein	low	MODIFIER			0.00748502994011976	0.0142857142857143	0	0.00232558139534884	0.0173913043478261	0	0	-0.0119601328903655	-0.0173913043478261	0.00543117145746064	0.001779982200178	0.00622550988420464	TRUE
S.CEREALE.LO7.r2.5RG00529160	chr5R_894076863_C_A	3_prime_UTR_variant	uniref100 squamosa promoter binding protein n=1 tax=arabidopsis thaliana taxid=3702 arath	low	MODIFIER			0.0201238390092879	0.00900900900900901	0	0	0.0209677419354839	0	0	-0.00900900900900901	-0.0209677419354839	0.0119587329264749	0.0877191228087719	0.173220627344288	FALSE
S.CEREALE.LO7.r2.5RG00529170	chr5R_894076863_C_A	missense_variant		low	MODERATE	66/148	p.Ser66Arg	0.0201238390092879	0.00900900900900901	0	0	0.0209677419354839	0	0	-0.00900900900900901	-0.0209677419354839	0.0119587329264749	0.0877191228087719	0.173220627344288	FALSE
S.CEREALE.LO7.r2.5RG00530810	chr5R_900493155_A_G	downstream_gene_variant	peptide transporter ptr	low	MODIFIER			0.158862876254181	0.187878787878788	0.219072164948454	0.184834123222749	0.199395770392749	0.13849765258216	0.105527638190955	-0.00304466465603906	-0.0938681322017945	0.0908234675457554	0.00259997400026	0.00862161189708858	TRUE
S.CEREALE.LO7.r2.5RG00530820	chr5R_900493155_A_G	intron_variant	uniref100 trans cinnamate 4 monooxygenase n=3 tax=arabidopsis thaliana taxid=3702 repid=tcmo arath	high	MODIFIER			0.158862876254181	0.187878787878788	0.219072164948454	0.184834123222749	0.199395770392749	0.13849765258216	0.105527638190955	-0.00304466465603906	-0.0938681322017945	0.0908234675457554	0.00259997400026	0.00862161189708858	TRUE
S.CEREALE.LO7.r2.6RG00541240	chr6R_22540473_G_A	intron_variant	uniref100 bzip transcription factor n=1 tax=arabidopsis thaliana taxid=3702 arath	high|low	MODIFIER			0.0118694362017804	0.0101449275362319	0	0	0.0160818713450292	0	0	-0.0101449275362319	-0.0160818713450292	0.00593694380879736	0.252217477825222	0.38213122179123	FALSE
S.CEREALE.LO7.r2.6RG00541250	chr6R_22540473_G_A	upstream_gene_variant	transcription factor hbp 1a	high	MODIFIER			0.0118694362017804	0.0101449275362319	0	0	0.0160818713450292	0	0	-0.0101449275362319	-0.0160818713450292	0.00593694380879736	0.252217477825222	0.38213122179123	FALSE
S.CEREALE.LO7.r2.6RG00560110	chr6R_252855056_C_G	upstream_gene_variant		low	MODIFIER			0.0132352941176471	0.0152777777777778	0	0	0.0186246418338109	0	0	-0.0152777777777778	-0.0186246418338109	0.00334686405603311	0.383876161238388	0.503479368191393	FALSE
S.CEREALE.LO7.r2.6RG00560120	chr6R_252855056_C_G	upstream_gene_variant		low	MODIFIER			0.0132352941176471	0.0152777777777778	0	0	0.0186246418338109	0	0	-0.0152777777777778	-0.0186246418338109	0.00334686405603311	0.383876161238388	0.503479368191393	FALSE
S.CEREALE.LO7.r2.6RG00568370	chr6R_446048118_T_C	intron_variant	uniref100 math domain and coiled coil containing protein n=1 tax=arabidopsis thaliana taxid=3702 arath	high	MODIFIER			0.00454545454545455	0.0176991150442478	0.00714285714285714	0.015695067264574	0.0535714285714286	0.00403225806451613	0.00440528634361234	-0.0020040477796738	-0.0491661422278162	0.0471620944481424	0.00209997900021	0.00720139140072014	TRUE
S.CEREALE.LO7.r2.6RG00584880	chr6R_640396427_G_T	synonymous_variant	uniref100 wat protein n=1 tax=arabidopsis thaliana taxid=3702 arath	high	LOW	19/386|19/385	p.Leu19Leu	0.00454545454545455	0.0173913043478261	0	0	0.0316265060240964	0	0	-0.0173913043478261	-0.0316265060240964	0.0142352016762703	0.049189508104919	0.108401956732784	FALSE
S.CEREALE.LO7.r2.6RG00596910	chr6R_712777788_C_T	downstream_gene_variant	uniref100 f box protein pp n=1 tax=arabidopsis thaliana taxid=3702 arath	high	MODIFIER			0.0185185185185185	0.0139751552795031	0.0129533678756477	0.0115740740740741	0.0215384615384615	0.00627615062761506	0	-0.00240108120542903	-0.0215384615384615	0.0191373803330325	0.00964990350096499	0.0267081974849543	TRUE
S.CEREALE.LO7.r2.6RG00608890	chr6R_773461836_C_G	upstream_gene_variant	uniref100 chaperone protein clpc chloroplastic n=1 tax=oryza sativa subsp japonica taxid=39947 orysj	high	MODIFIER			0.0341614906832298	0.031437125748503	0.0215311004784689	0.00213675213675214	0.0460251046025105	0.0345528455284553	0.00221238938053097	-0.0293003736117509	-0.0438127152219795	0.0145123416102286	0.957370426295737	0.967326395602615	FALSE
S.CEREALE.LO7.r2.6RG00608900	chr6R_773461836_C_G	missense_variant	uniref100 zinc finger protein zat n=1 tax=arabidopsis thaliana taxid=3702 arath	high	MODERATE	343/431	p.Val343Leu	0.0341614906832298	0.031437125748503	0.0215311004784689	0.00213675213675214	0.0460251046025105	0.0345528455284553	0.00221238938053097	-0.0293003736117509	-0.0438127152219795	0.0145123416102286	0.957370426295737	0.967326395602615	FALSE
S.CEREALE.LO7.r2.6RG00608910	chr6R_773461836_C_G	downstream_gene_variant	uniref100 potassium transporter n=1 tax=arabidopsis thaliana taxid=3702 arath	high	MODIFIER			0.0341614906832298	0.031437125748503	0.0215311004784689	0.00213675213675214	0.0460251046025105	0.0345528455284553	0.00221238938053097	-0.0293003736117509	-0.0438127152219795	0.0145123416102286	0.957370426295737	0.967326395602615	FALSE
S.CEREALE.LO7.r2.6RG00611530	chr6R_784964015_C_T	downstream_gene_variant	unknown protein	high	MODIFIER			0.0353982300884956	0.0255681818181818	0.00476190476190476	0.00869565217391304	0.0270655270655271	0	0	-0.0168725296442688	-0.0270655270655271	0.0101929974212583	1.9999800002e-5	9.31116516649403e-5	TRUE
S.CEREALE.LO7.r2.6RG00611540	chr6R_784964015_C_T	synonymous_variant	unknown protein	high	LOW	338/444	p.Gln338Gln	0.0353982300884956	0.0255681818181818	0.00476190476190476	0.00869565217391304	0.0270655270655271	0	0	-0.0168725296442688	-0.0270655270655271	0.0101929974212583	1.9999800002e-5	9.31116516649403e-5	TRUE
S.CEREALE.LO7.r2.6RG00613900	chr6R_791912047_G_T	synonymous_variant	uniref100 nadph quinone oxidoreductase n=2 taxid=3702 repid=nqr	high	LOW	208/238	p.Ala208Ala	0.0162721893491124	0.0214285714285714	0.0216346153846154	0.0280172413793103	0.0271428571428571	0.0102040816326531	0.00213675213675214	0.00658866995073892	-0.025006105006105	0.0315947749568439	0.002959970400296	0.00975649122013453	TRUE
S.CEREALE.LO7.r2.6RG00617940	chr6R_809870442_A_G	synonymous_variant	bzip transcription factor	high	LOW	307/907	p.Arg307Arg	0.513432835820896	0.508450704225352	0.497584541062802	0.44273127753304	0.581395348837209	0.467213114754098	0.4337899543379	-0.0657194266923125	-0.14760539449931	0.0818859678069974	0.0646393536064639	0.1356461659264	FALSE
S.CEREALE.LO7.r2.6RG00617950	chr6R_809870442_A_G	downstream_gene_variant	trna uridine 5 carboxymethylaminomethyl modification enzyme mnmg	high	MODIFIER			0.513432835820896	0.508450704225352	0.497584541062802	0.44273127753304	0.581395348837209	0.467213114754098	0.4337899543379	-0.0657194266923125	-0.14760539449931	0.0818859678069974	0.0646393536064639	0.1356461659264	FALSE
S.CEREALE.LO7.r2.6RG00619980	chr6R_817441708_T_C	intron_variant	unknown protein	high	MODIFIER			0.0915915915915916	0.0606060606060606	0.042713567839196	0.0136363636363636	0.0913312693498452	0.038135593220339	0.0187793427230047	-0.046969696969697	-0.0725519266268405	0.0255822296571435	0.305736942630574	0.431592511384123	FALSE
S.CEREALE.LO7.r2.6RG00619990	chr6R_817441708_T_C	upstream_gene_variant	unknown protein	low	MODIFIER			0.0915915915915916	0.0606060606060606	0.042713567839196	0.0136363636363636	0.0913312693498452	0.038135593220339	0.0187793427230047	-0.046969696969697	-0.0725519266268405	0.0255822296571435	0.305736942630574	0.431592511384123	FALSE
S.CEREALE.LO7.r2.6RG00621330	chr6R_827186238_A_G	intron_variant		low	MODIFIER			0.0117647058823529	0.0158045977011494	0	0	0.0314285714285714	0	0	-0.0158045977011494	-0.0314285714285714	0.015623973727422	0.042919570804292	0.097645496036949	FALSE
S.CEREALE.LO7.r2.6RG00634580	chr6R_875919910_G_C	missense_variant	unknown protein	high	MODERATE	191/403	p.Glu191Gln	0.0848765432098766	0.0883190883190883	0.0580808080808081	0.0560538116591928	0.15987460815047	0.0440528634361234	0.0653153153153153	-0.0322652766598955	-0.0945592928351549	0.0622940161752594	0.020169798302017	0.0499273528391477	TRUE
S.CEREALE.LO7.r2.6RG00635580	chr6R_878575524_T_A	splice_region_variant&intron_variant	uniref100 protein plant cadmium resistance n=1 tax=arabidopsis thaliana taxid=3702 arath	high	LOW			0.162379421221865	0.15015479876161	0.142857142857143	0.139810426540284	0.147515527950311	0.121848739495798	0.0717592592592593	-0.0103443722213256	-0.0757562686910513	0.0654118964697257	0.018969810301897	0.0476277737222628	TRUE
S.CEREALE.LO7.r2.6RG00636410	chr6R_881970578_C_T	missense_variant	uniref100 f box fbd lrr repeat protein n=1 tax=arabidopsis thaliana taxid=3702 arath	high	MODERATE	284/535	p.Ala284Val	0.0294117647058824	0.0176630434782609	0.00241545893719807	0	0.0200573065902579	0	0	-0.0176630434782609	-0.0200573065902579	0.00239426311199701	3.09996900031e-4	0.00122431359956063	TRUE
S.CEREALE.LO7.r2.6RG00637850	chr6R_891089120_A_G	synonymous_variant	uniref100 protein argonaute n=1 tax=oryza sativa subsp japonica taxid=39947 orysj	high	LOW	307/1033	p.Val307Val	0.014018691588785	0.0207667731629393	0.0176767676767677	0.0172413793103448	0.0274390243902439	0	0	-0.00352539385259447	-0.0274390243902439	0.0239136305376494	2.9999700003e-5	1.3606315549747e-4	TRUE
S.CEREALE.LO7.r2.7RG00677840	chr7R_110901858_G_A	upstream_gene_variant	uniref100 annexin d3 n=2 tax=arabidopsis thaliana taxid=3702 arath	high	MODIFIER			0.132075471698113	0.112179487179487	0.108585858585859	0.0769230769230769	0.183098591549296	0.110655737704918	0.0704225352112676	-0.0352564102564103	-0.112676056338028	0.0774196460816179	0.014319856801432	0.0372846641903951	TRUE
S.CEREALE.LO7.r2.7RG00677850	chr7R_110901858_G_A	synonymous_variant	uniref100 annexin d4 n=3 tax=arabidopsis thaliana taxid=3702 arath	high	LOW	75/366	p.Ser75Ser	0.132075471698113	0.112179487179487	0.108585858585859	0.0769230769230769	0.183098591549296	0.110655737704918	0.0704225352112676	-0.0352564102564103	-0.112676056338028	0.0774196460816179	0.014319856801432	0.0372846641903951	TRUE
S.CEREALE.LO7.r2.7RG00677860	chr7R_110901858_G_A	downstream_gene_variant	uniref100 histone lysine n methyltransferase h3 specific suvh =1 tax=arabidopsis thaliana taxid=3702 arath	high	MODIFIER			0.132075471698113	0.112179487179487	0.108585858585859	0.0769230769230769	0.183098591549296	0.110655737704918	0.0704225352112676	-0.0352564102564103	-0.112676056338028	0.0774196460816179	0.014319856801432	0.0372846641903951	TRUE
S.CEREALE.LO7.r2.7RG00678350	chr7R_114973109_G_A	intron_variant	uniref100 sulfate transporter 4 1 tax=arabidopsis thaliana taxid=3702 arath	high	MODIFIER			0.00961538461538462	0.0261538461538462	0.0146341463414634	0.00478468899521531	0.0313432835820896	0.00408163265306122	0.00240384615384615	-0.0213691571586308	-0.0289394374282434	0.00757028026961256	0.013349866501335	0.0354149288695792	TRUE
S.CEREALE.LO7.r2.7RG00679950	chr7R_127776390_C_T	downstream_gene_variant	unknown protein	high	MODIFIER			0.0407166123778502	0.029673590504451	0.0267379679144385	0.0159817351598174	0.0579710144927536	0.0258215962441315	0.0113636363636364	-0.0136918553446337	-0.0466073781291173	0.0329155227844836	0.046359536404636	0.103792210485538	FALSE
S.CEREALE.LO7.r2.7RG00679960	chr7R_127776390_C_T	intron_variant	uniref100 q9lx14 protein upstream of flc n=2 tax=arabidopsis thaliana taxid=3702 repid=ufc arath	high	MODIFIER			0.0407166123778502	0.029673590504451	0.0267379679144385	0.0159817351598174	0.0579710144927536	0.0258215962441315	0.0113636363636364	-0.0136918553446337	-0.0466073781291173	0.0329155227844836	0.046359536404636	0.103792210485538	FALSE
S.CEREALE.LO7.r2.7RG00685880	chr7R_189874656_G_A	missense_variant	uniref100 protein oberon n=1 tax=arabidopsis thaliana taxid=3702 arath	high	MODERATE	466/799|466/768	p.Met466Ile	0.0142405063291139	0.0139318885448916	0	0	0.0277777777777778	0	0	-0.0139318885448916	-0.0277777777777778	0.0138458892328861	0.0790092099079009	0.160067650043961	FALSE
S.CEREALE.LO7.r2.7RG00685890	chr7R_189874656_G_A	downstream_gene_variant	uniref100 zinc finger protein gis n=1 tax=arabidopsis thaliana taxid=3702 arath	high	MODIFIER			0.0142405063291139	0.0139318885448916	0	0	0.0277777777777778	0	0	-0.0139318885448916	-0.0277777777777778	0.0138458892328861	0.0790092099079009	0.160067650043961	FALSE
S.CEREALE.LO7.r2.7RG00686240	chr7R_194017717_C_G	intron_variant	uniref100 thaumatin protein n=1 tax=prunus persica taxid=3760 repid=tlp1 prupe	high	MODIFIER			0.0328358208955224	0.0476190476190476	0.0550239234449761	0.0361702127659574	0.0457142857142857	0.024	0.00429184549356223	-0.0114488348530902	-0.0414224402207235	0.0299736053676333	0.001189988100119	0.00440295597044029	TRUE
S.CEREALE.LO7.r2.7RG00714340	chr7R_654858333_C_G	missense_variant	uniref100 f box fbd lrr repeat protein n=1 tax=arabidopsis thaliana taxid=3702 arath	high	MODERATE	180/474	p.Ser180Thr	0.018018018018018	0.0155807365439093	0	0	0.0160818713450292	0	0	-0.0155807365439093	-0.0160818713450292	5.0113480111989e-4	0.689713102868971	0.781454230546261	FALSE
S.CEREALE.LO7.r2.7RG00714350	chr7R_654858333_C_G	downstream_gene_variant	uniref100 serine threonine protein phosphatase pp2a 5 catalytic subunit n=2 tax=arabidopsis thaliana taxid=3702 arath	high	MODIFIER			0.018018018018018	0.0155807365439093	0	0	0.0160818713450292	0	0	-0.0155807365439093	-0.0160818713450292	5.0113480111989e-4	0.689713102868971	0.781454230546261	FALSE
S.CEREALE.LO7.r2.7RG00717500	chr7R_693729453_G_A	synonymous_variant	uniref100 e3 ubiquitin protein ligase rglg n=1 tax=arabidopsis thaliana taxid=3702 arath	high	LOW	38/449	p.Tyr38Tyr	0.0800653594771242	0.091044776119403	0.102439024390244	0.0563063063063063	0.130293159609121	0.062753036437247	0.0669642857142857	-0.0347384698130967	-0.0633288738948348	0.0285904040817381	0.176428235717643	0.293212883474002	FALSE
S.CEREALE.LO7.r2.7RG00717510	chr7R_693729453_G_A	downstream_gene_variant	uniref100 e3 ubiquitin protein ligase rglg n=1 tax=arabidopsis thaliana taxid=3702 arath	high	MODIFIER			0.0800653594771242	0.091044776119403	0.102439024390244	0.0563063063063063	0.130293159609121	0.062753036437247	0.0669642857142857	-0.0347384698130967	-0.0633288738948348	0.0285904040817381	0.176428235717643	0.293212883474002	FALSE
S.CEREALE.LO7.r2.7RG00719360	chr7R_714922135_G_C	upstream_gene_variant	zinc transporter	low	MODIFIER			0.0119047619047619	0.0072463768115942	0	0	0.0188953488372093	0	0	-0.0072463768115942	-0.0188953488372093	0.0116489720256151	0.105688943110569	0.199786066655463	FALSE
S.CEREALE.LO7.r2.7RG00720570	chr7R_725071601_C_T	missense_variant	unknown protein	low	MODERATE	60/172	p.Glu60Lys	0.0162241887905605	0.0179558011049724	0	0	0.0197183098591549	0	0	-0.0179558011049724	-0.0197183098591549	0.00176250875418256	0.499365006349937	0.625763991914448	FALSE
S.CEREALE.LO7.r2.7RG00726080	chr7R_775131677_T_C	upstream_gene_variant		low	MODIFIER			0.409495548961424	0.380530973451327	0.376847290640394	0.341517857142857	0.406158357771261	0.320408163265306	0.268558951965066	-0.0390131163084703	-0.137599405806195	0.0985862894977252	0.01939980600194	0.0483619277282405	TRUE
S.CEREALE.LO7.r2.7RG00726080	chr7R_775131721_G_T	upstream_gene_variant		low	MODIFIER			0.588757396449704	0.547337278106509	0.554187192118227	0.529017857142857	0.589705882352941	0.536734693877551	0.469565217391304	-0.0183194209636518	-0.120140664961637	0.101821243997985	0.036279637203628	0.0847328403792374	FALSE
S.CEREALE.LO7.r2.7RG00729230	chr7R_799849665_T_C	upstream_gene_variant	unknown protein	low	MODIFIER			0.584415584415584	0.607038123167155	0.54	0.571428571428571	0.577712609970675	0.546808510638298	0.447004608294931	-0.035609551738584	-0.130708001675744	0.0950984499371596	0.0892991070089299	0.175355509014742	FALSE
S.CEREALE.LO7.r2.7RG00729240	chr7R_799849665_T_C	upstream_gene_variant	rlc hvul ikeros ay013246 1 hordeum vulgare retrotransposon ltr copia hypotehtical protein	high	MODIFIER			0.584415584415584	0.607038123167155	0.54	0.571428571428571	0.577712609970675	0.546808510638298	0.447004608294931	-0.035609551738584	-0.130708001675744	0.0950984499371596	0.0892991070089299	0.175355509014742	FALSE
S.CEREALE.LO7.r2.7RG00732910	chr7R_825061007_T_C	downstream_gene_variant	unknown protein	high	MODIFIER			0.0790273556231003	0.0893371757925072	0.0598086124401914	0.036697247706422	0.0809248554913295	0.0544354838709677	0.0246636771300448	-0.0526399280860852	-0.0562611783612846	0.00362125027519945	0.541264587354126	0.658320077698877	FALSE
S.CEREALE.LO7.r2.7RG00732920	chr7R_825061007_T_C	intron_variant	uniref100 sodium hydrogen exchanger n=1 tax=arabidopsis thaliana taxid=3702 arath	high	MODIFIER			0.0790273556231003	0.0893371757925072	0.0598086124401914	0.036697247706422	0.0809248554913295	0.0544354838709677	0.0246636771300448	-0.0526399280860852	-0.0562611783612846	0.00362125027519945	0.541264587354126	0.658320077698877	FALSE
S.CEREALE.LO7.r2.7RG00748720	chr7R_890671320_A_G	synonymous_variant	p4 3 oxoacyl [acyl carrier protein] synthase n=2 taxid=3702	high	LOW	422/457	p.Asp422Asp	0.0182926829268293	0.0121951219512195	0.00242718446601942	0	0.0167173252279635	0	0	-0.0121951219512195	-0.0167173252279635	0.00452220327674401	0.00429995700043	0.0134949543361709	TRUE
S.CEREALE.LO7.r2.7RG00752400	chr7R_899522255_A_G	upstream_gene_variant	unknown protein	high	MODIFIER			0.0343137254901961	0.0208955223880597	0	0.00232558139534884	0.0316265060240964	0.00210970464135021	0.00454545454545455	-0.0185699409927109	-0.0270810514786418	0.00851111048593097	0.3919960800392	0.511267614596581	FALSE
S.CEREALE.LO7.r2.7RG00752410	chr7R_899522255_A_G	missense_variant	unknown protein	low	MODERATE	49/163	p.Lys49Arg	0.0343137254901961	0.0208955223880597	0	0.00232558139534884	0.0316265060240964	0.00210970464135021	0.00454545454545455	-0.0185699409927109	-0.0270810514786418	0.00851111048593097	0.3919960800392	0.511267614596581	FALSE
S.CEREALE.LO7.r2.7RG00752420	chr7R_899522255_A_G	upstream_gene_variant	uniref100 alpha amylase trypsin inhibitor n=1 tax=hordeum vulgare taxid=4513 horvu	high	MODIFIER			0.0343137254901961	0.0208955223880597	0	0.00232558139534884	0.0316265060240964	0.00210970464135021	0.00454545454545455	-0.0185699409927109	-0.0270810514786418	0.00851111048593097	0.3919960800392	0.511267614596581	FALSE
