"Sample","chr1R","chr2R","chr3R","chr4R","chr5R","chr6R","chr7R","chrB","mean_A_cov","ratio_B_cov"
"3420780_NPK_EG_25_01_S2_L001_R1_001_trim",0.537671,0.542033,0.517437,0.548983,0.487091,0.589923,0.515137,0.0126271,0.534039285714286,0.0236445151841424
"3420781_NPK_EG_25_02_S3_L001_R1_001_trim",0.47608,0.515524,0.47806,0.549264,0.496746,0.564235,0.52025,0.0117666,0.514308428571429,0.0228784895333789
"3420782_NPK_EG_25_03_S4_L001_R1_001_trim",0.439611,0.453694,0.429118,0.494241,0.433533,0.494551,0.479478,0.012982,0.460603714285714,0.0281847488358446
"3420783_NPK_EG_25_04_S5_L001_R1_001_trim",0.436825,0.442472,0.444878,0.487409,0.42644,0.495045,0.443431,0.0118115,0.453785714285714,0.0260288052888399
"3420785_NPK_EG_25_06_S7_L001_R1_001_trim",0.663506,0.692992,0.650043,0.761712,0.654722,0.769315,0.7196,0.0207245,0.701698571428571,0.0295347615683576
"3420786_NPK_EG_25_07_S8_L001_R1_001_trim",0.409342,0.426735,0.412164,0.454857,0.422011,0.485518,0.426184,0.0098554,0.433830142857143,0.0227171858900669
"3420787_NPK_EG_25_08_S9_L001_R1_001_trim",0.317347,0.327631,0.334331,0.361408,0.330697,0.391455,0.369201,0.00938267,0.347438571428571,0.0270052630064102
"3420788_NPK_EG_25_09_S10_L001_R1_001_trim",0.462514,0.466349,0.476451,0.492154,0.454315,0.524847,0.44088,0.0129785,0.47393,0.0273848458633131
"3420789_NPK_EG_25_10_S11_L001_R1_001_trim",0.617197,0.607381,0.586373,0.691175,0.605548,0.661835,0.602473,0.0152263,0.624568857142857,0.0243788972598698
"3420790_NPK_EG_25_11_S12_L001_R1_001_trim",0.488597,0.491812,0.444716,0.542903,0.476282,0.555052,0.484718,0.0120405,0.497725714285714,0.0241910346490322
"3420791_NPK_EG_25_12_S13_L001_R1_001_trim",0.484502,0.531573,0.524628,0.552293,0.536856,0.591365,0.531747,0.0155002,0.536137714285714,0.0289108555264586
"3420792_NPK_EG_25_13_S14_L001_R1_001_trim",0.473093,0.481807,0.448797,0.53444,0.490748,0.545309,0.467729,0.0119772,0.491703285714286,0.0243585925658418
"3420793_NPK_EG_25_14_S15_L001_R1_001_trim",0.24096,0.238712,0.217737,0.264638,0.240124,0.274583,0.252241,0.00683724,0.246999285714286,0.0276812136530181
"3420794_NPK_EG_25_15_S16_L001_R1_001_trim",0.306873,0.318099,0.303015,0.367175,0.32602,0.358721,0.340276,0.008764,0.331454142857143,0.0264410633834717
"3420795_NPK_EG_25_16_S17_L001_R1_001_trim",0.346748,0.346874,0.328173,0.380094,0.349067,0.392065,0.345642,0.0100863,0.355523285714286,0.0283702936074511
"3420796_NPK_EG_25_17_S18_L001_R1_001_trim",0.240752,0.229004,0.216777,0.274084,0.231133,0.273664,0.246407,0.0068668,0.244545857142857,0.0280798050730772
"3420797_NPK_EG_25_18_S19_L001_R1_001_trim",0.538915,0.590611,0.543557,0.617548,0.54204,0.619877,0.565872,0.0149379,0.57406,0.0260214960108699
"3420798_NPK_EG_25_19_S20_L001_R1_001_trim",0.250151,0.261334,0.23663,0.280507,0.263313,0.296461,0.281331,0.00775593,0.267103857142857,0.029037132158866
"3420799_NPK_EG_25_20_S21_L001_R1_001_trim",0.626511,0.64919,0.62546,0.675766,0.577035,0.717046,0.627492,0.0192481,0.642642857142857,0.0299514727131266
"3420800_NPK_EG_25_21_S22_L001_R1_001_trim",0.627478,0.667678,0.62704,0.693728,0.609582,0.72832,0.649152,0.0163852,0.657568285714286,0.0249178683886823
"3420801_NPK_EG_25_22_S23_L001_R1_001_trim",0.36304,0.384791,0.35398,0.409737,0.358329,0.411784,0.366476,0.0105192,0.378305285714286,0.0278061142607048
"3420802_NPK_EG_25_23_S24_L001_R1_001_trim",0.458531,0.502029,0.524774,0.560043,0.485562,0.564738,0.493416,0.0142347,0.512727571428571,0.0277626965921474
"3420803_NPK_EG_25_24_S25_L001_R1_001_trim",0.439664,0.449619,0.445675,0.472998,0.456166,0.512588,0.502703,0.0128452,0.468487571428571,0.0274184434836356
"3420804_NPK_EG_25_25_S26_L001_R1_001_trim",0.563883,0.580394,0.541829,0.62469,0.526032,0.60169,0.569259,0.0140073,0.572539571428571,0.0244652085183382
"3420805_NPK_EG_25_26_S27_L001_R1_001_trim",0.364379,0.385723,0.341827,0.422466,0.375294,0.442161,0.381263,0.0106403,0.387587571428571,0.0274526346672623
"3420806_NPK_EG_25_27_S28_L001_R1_001_trim",0.573884,0.617689,0.591832,0.673035,0.556774,0.688953,0.620003,0.0158636,0.617452857142857,0.0256920019342136
"3420807_NPK_EG_25_28_S29_L001_R1_001_trim",0.431646,0.43051,0.416298,0.456564,0.442006,0.480371,0.447212,0.0109175,0.443515285714286,0.0246158370447532
"3420808_NPK_EG_25_29_S30_L001_R1_001_trim",0.537831,0.563691,0.56172,0.608987,0.54023,0.620844,0.553274,0.0118864,0.569511,0.0208712386591304
"3420809_NPK_EG_25_30_S31_L001_R1_001_trim",0.704781,0.703752,0.689599,0.800641,0.674986,0.787403,0.705699,0.0162066,0.723837285714286,0.0223898386002695
"3420810_NPK_EG_25_31_S32_L001_R1_001_trim",0.43066,0.430318,0.404745,0.487094,0.426333,0.499529,0.431135,0.0103717,0.444259142857143,0.0233460586388768
"3420811_NPK_EG_25_32_S33_L001_R1_001_trim",0.333454,0.343791,0.328623,0.380396,0.317442,0.381994,0.329495,0.00894997,0.345027857142857,0.0259398475071371
"3420812_NPK_EG_25_33_S34_L001_R1_001_trim",0.343954,0.335573,0.322213,0.368473,0.330413,0.390137,0.344068,0.00895835,0.347833,0.0257547443744556
"3420813_NPK_EG_25_34_S35_L001_R1_001_trim",0.489406,0.544462,0.489452,0.545775,0.497398,0.560065,0.495895,0.0132134,0.517493285714286,0.0255334713797529
"3420814_NPK_EG_25_35_S36_L001_R1_001_trim",0.343612,0.356132,0.33235,0.376189,0.338755,0.395549,0.362134,0.0106149,0.357817285714286,0.0296656992934542
"3420815_NPK_EG_25_36_S37_L001_R1_001_trim",0.485666,0.481544,0.46332,0.543203,0.48001,0.549149,0.503486,0.0117614,0.500911142857143,0.0234800127082705
"3420816_NPK_EG_25_37_S38_L001_R1_001_trim",0.500873,0.536754,0.490637,0.564564,0.533845,0.584556,0.543862,0.0152568,0.536441571428571,0.0284407488393757
"3420817_NPK_EG_25_38_S39_L001_R1_001_trim",0.405153,0.415973,0.38393,0.463224,0.39965,0.471685,0.411679,0.011403,0.421613428571429,0.027046102489281
"3420818_NPK_EG_25_39_S40_L001_R1_001_trim",0.490502,0.471401,0.433219,0.536663,0.477383,0.511496,0.514453,0.013728,0.490731,0.0279745930051291
"3420819_NPK_EG_25_40_S41_L001_R1_001_trim",0.302085,0.309428,0.293352,0.343663,0.313232,0.332119,0.305175,0.00873421,0.314150571428571,0.0278026233098414
"3420820_NPK_EG_25_41_S42_L001_R1_001_trim",0.422392,0.40881,0.387546,0.472421,0.416663,0.464713,0.410058,0.0121176,0.426086142857143,0.0284393196144442
"3420821_NPK_EG_25_42_S43_L001_R1_001_trim",0.655989,0.668598,0.715112,0.742443,0.670291,0.759568,0.689346,0.0157504,0.700192428571429,0.0224943877672811
"3420822_NPK_EG_25_43_S44_L001_R1_001_trim",0.314092,0.31523,0.310285,0.35359,0.317157,0.364888,0.327795,0.00944947,0.329005285714286,0.028721331876127
"3420823_NPK_EG_25_44_S45_L001_R1_001_trim",0.317125,0.314263,0.310717,0.341307,0.306911,0.380471,0.310117,0.0100379,0.325844428571429,0.0308058052243161
"3420824_NPK_EG_25_45_S46_L001_R1_001_trim",0.464027,0.494486,0.448215,0.523456,0.463678,0.532054,0.485693,0.0119544,0.487372714285714,0.0245282504530853
"3420825_NPK_EG_25_46_S47_L001_R1_001_trim",0.490508,0.498916,0.48615,0.538414,0.501484,0.565707,0.511649,0.0136766,0.513261142857143,0.0266464745877064
"3420826_NPK_EG_25_47_S48_L001_R1_001_trim",0.328759,0.303272,0.30249,0.348052,0.309298,0.367582,0.32151,0.00963917,0.325851857142857,0.0295814487126709
"3420827_NPK_EG_25_48_S49_L001_R1_001_trim",0.507166,0.538924,0.507963,0.561704,0.542409,0.571286,0.5622,0.011761,0.541664571428571,0.0217126993721998
"3420828_NPK_EG_25_49_S50_L001_R1_001_trim",0.216753,0.209156,0.185341,0.221375,0.21115,0.248136,0.206903,0.0063154,0.214116285714286,0.0294951875282724
"3420829_NPK_EG_25_50_S51_L001_R1_001_trim",0.541111,0.559905,0.499391,0.607425,0.542036,0.620692,0.546012,0.0146246,0.559510285714286,0.0261382147449351
"3420830_NPK_EG_25_51_S52_L001_R1_001_trim",0.510521,0.495915,0.492521,0.565359,0.462984,0.556025,0.49573,0.0144072,0.511293571428571,0.0281779408251619
"3420831_NPK_EG_25_52_S53_L001_R1_001_trim",0.453705,0.464767,0.420538,0.510766,0.468831,0.527867,0.445003,0.011879,0.470211,0.0252631265538237
"3420832_NPK_EG_25_53_S54_L001_R1_001_trim",0.534041,0.519267,0.498619,0.565906,0.518473,0.596881,0.538727,0.0162211,0.538844857142857,0.0301034700154882
"3420833_NPK_EG_25_54_S55_L001_R1_001_trim",0.71722,0.762759,0.732385,0.839429,0.691685,0.78861,0.759146,0.0197269,0.755890571428571,0.0260975606068452
"3420834_NPK_EG_25_55_S56_L001_R1_001_trim",0.390433,0.407867,0.388097,0.441572,0.404177,0.436597,0.41167,0.0104073,0.411487571428571,0.025291893905492
"3420835_NPK_EG_25_56_S57_L001_R1_001_trim",0.290599,0.292399,0.281998,0.321197,0.305863,0.343462,0.295979,0.00719685,0.304499571428571,0.0236350086347764
"3420836_NPK_EG_25_57_S58_L001_R1_001_trim",0.369867,0.387237,0.335362,0.395833,0.361915,0.402466,0.366912,0.00838228,0.374227428571429,0.0223988926519855
"3420837_NPK_EG_25_58_S59_L001_R1_001_trim",0.493454,0.524876,0.520794,0.560124,0.494694,0.578661,0.517879,0.0130849,0.527211714285714,0.0248190615751547
"3420838_NPK_EG_25_59_S60_L001_R1_001_trim",0.469403,0.470477,0.455136,0.512958,0.452276,0.537242,0.464402,0.0101054,0.480270571428571,0.0210410560237771
"3420839_NPK_EG_25_60_S61_L001_R1_001_trim",0.254467,0.244494,0.243516,0.280421,0.241804,0.288578,0.237651,0.00698015,0.255847285714286,0.0272824860365921
"3420840_NPK_EG_25_61_S62_L001_R1_001_trim",0.287899,0.289778,0.27416,0.324516,0.29924,0.330683,0.281414,0.00785974,0.298241428571429,0.0263536157188088
"3420841_NPK_EG_25_62_S63_L001_R1_001_trim",0.320419,0.300868,0.313893,0.346304,0.313421,0.346578,0.32785,0.00880799,0.324190428571429,0.0271691858356618
"3420842_NPK_EG_25_63_S64_L001_R1_001_trim",0.472785,0.528399,0.45447,0.55499,0.504384,0.55605,0.477729,0.0124178,0.506972428571429,0.0244940341923356
"3420843_NPK_EG_25_64_S65_L001_R1_001_trim",0.391753,0.418414,0.396263,0.440501,0.404472,0.475984,0.404755,0.0100202,0.418877428571429,0.0239215563229884
"3420844_NPK_EG_25_65_S66_L001_R1_001_trim",0.579826,0.585356,0.597086,0.670563,0.598042,0.659614,0.645045,0.0134485,0.619361714285714,0.0217134829128236
"3420845_NPK_EG_25_66_S67_L001_R1_001_trim",0.84732,0.916716,0.832913,0.988833,0.897093,1.02305,0.931743,0.0185682,0.919666857142857,0.0201901371738959
"3420846_NPK_EG_25_67_S68_L001_R1_001_trim",0.642762,0.658777,0.664198,0.717377,0.664757,0.706761,0.668931,0.0164399,0.674794714285714,0.0243628167974048
"3420847_NPK_EG_25_68_S69_L001_R1_001_trim",0.638544,0.665473,0.661062,0.732353,0.639187,0.747889,0.669616,0.015273,0.679160571428571,0.0224880545816643
"3420848_NPK_EG_25_69_S70_L001_R1_001_trim",0.537992,0.568121,0.588389,0.641462,0.519824,0.630441,0.557572,0.0156895,0.577685857142857,0.0271592246997318
"3420849_NPK_EG_25_70_S71_L001_R1_001_trim",0.335169,0.353452,0.326411,0.366191,0.297995,0.41297,0.335341,0.00855847,0.346789857142857,0.0246791243276599
"3420850_NPK_EG_25_71_S72_L001_R1_001_trim",0.720936,0.715641,0.738672,0.884739,0.74143,0.844065,0.785782,0.0196722,0.775895,0.025354203854903
"3420851_NPK_EG_25_72_S73_L001_R1_001_trim",0.479653,0.489189,0.472602,0.556044,0.477049,0.546631,0.513436,0.0143772,0.504943428571429,0.0284728925786312
"3420852_NPK_EG_25_73_S74_L001_R1_001_trim",0.588457,0.632894,0.606568,0.653316,0.612743,0.688554,0.643083,0.0136102,0.632230714285714,0.0215272679616279
"3420853_NPK_EG_25_74_S75_L001_R1_001_trim",0.427036,0.41662,0.406804,0.485752,0.414113,0.488624,0.414318,0.012038,0.436181,0.0275986345118196
"3420854_NPK_EG_25_75_S76_L001_R1_001_trim",0.271495,0.266279,0.26493,0.299256,0.280816,0.320209,0.270672,0.00738096,0.281951,0.0261781657096446
"3420855_NPK_EG_25_76_S77_L001_R1_001_trim",0.355972,0.356883,0.329642,0.379685,0.343082,0.403127,0.344481,0.011841,0.358981714285714,0.0329849670019006
"3420856_NPK_EG_25_77_S78_L001_R1_001_trim",0.49188,0.521013,0.52698,0.574376,0.507926,0.57914,0.535635,0.0145557,0.53385,0.0272655240236021
"3420857_NPK_EG_25_78_S79_L001_R1_001_trim",0.194817,0.180115,0.167249,0.210179,0.190274,0.220427,0.18435,0.0859437,0.192487285714286,0.446490269116105
"3420858_NPK_EG_25_79_S80_L001_R1_001_trim",0.37444,0.389886,0.369079,0.421017,0.373506,0.439737,0.414253,0.0106787,0.397416857142857,0.0268702743934221
"3420859_NPK_EG_25_80_S81_L001_R1_001_trim",0.408667,0.417448,0.373972,0.443589,0.386499,0.457237,0.420691,0.0113146,0.415443285714286,0.0272350050875089
"3420860_NPK_EG_25_81_S82_L001_R1_001_trim",0.563447,0.569253,0.557333,0.642159,0.56093,0.655596,0.565701,0.0142459,0.587774142857143,0.0242370307934121
"3420861_NPK_EG_25_82_S83_L001_R1_001_trim",0.306036,0.318409,0.29894,0.362718,0.308005,0.357868,0.327119,0.00894881,0.325585,0.0274853264124576
"3420862_NPK_EG_25_83_S84_L001_R1_001_trim",0.345476,0.365567,0.334443,0.421271,0.36268,0.398629,0.370855,0.0113113,0.371274428571429,0.0304661434495316
"3420863_NPK_EG_25_84_S85_L001_R1_001_trim",0.424998,0.431833,0.405379,0.4622,0.399305,0.473176,0.421878,0.0124914,0.431252714285714,0.0289653829093912
"3420864_NPK_EG_25_85_S86_L001_R1_001_trim",0.518019,0.515704,0.527944,0.582592,0.514171,0.613279,0.5437,0.0136556,0.545058428571429,0.0250534608478409
"3420865_NPK_EG_25_86_S87_L001_R1_001_trim",0.481396,0.520717,0.492401,0.56297,0.483245,0.577635,0.521983,0.0132697,0.520049571428571,0.0255162213931804
"3420866_NPK_EG_25_87_S88_L001_R1_001_trim",0.406677,0.421641,0.39699,0.453282,0.411089,0.483293,0.419791,0.0118031,0.427537571428571,0.0276071643494657
"3420867_NPK_EG_25_88_S89_L001_R1_001_trim",0.464603,0.477355,0.462941,0.502566,0.456404,0.538943,0.477437,0.0101633,0.482892714285714,0.0210467039558328
"3420868_NPK_EG_25_89_S90_L001_R1_001_trim",0.580778,0.616108,0.560372,0.59888,0.559139,0.639664,0.545914,0.0138344,0.585836428571429,0.02361478277091
"3420869_NPK_EG_25_90_S91_L001_R1_001_trim",0.268524,0.26854,0.280919,0.298023,0.279342,0.313617,0.274144,0.0082922,0.283301285714286,0.0292698989314254
"3420870_NPK_EG_25_91_S92_L001_R1_001_trim",0.383989,0.386385,0.358633,0.43994,0.37185,0.424224,0.385493,0.0105502,0.392930571428571,0.0268500360296294
"3420871_NPK_EG_25_92_S93_L001_R1_001_trim",0.295487,0.309147,0.269764,0.330142,0.299428,0.33836,0.307696,0.00771543,0.307146285714286,0.0251197242449387
"3420872_NPK_EG_25_93_S94_L001_R1_001_trim",0.499632,0.514529,0.520713,0.579416,0.484813,0.578722,0.51466,0.011001,0.527497857142857,0.0208550610225905
"3420875_NPK_EG_25_94_S97_L001_R1_001_trim",0.429891,0.455767,0.410733,0.478828,0.448647,0.500536,0.445877,0.0128477,0.452897,0.0283678187314113
"3420876_NPK_EG_25_95_S98_L001_R1_001_trim",0.260425,0.26019,0.243314,0.296444,0.262848,0.292168,0.263529,0.00695152,0.268416857142857,0.0258982244036195
"3420877_NPK_EG_25_96_S99_L001_R1_001_trim",0.356693,0.34955,0.329251,0.382016,0.357769,0.392689,0.34743,0.010147,0.359342571428571,0.0282376784906404
"3420878_NPK_EG_25_97_S100_L001_R1_001_trim",0.405305,0.424568,0.401726,0.485747,0.412714,0.47289,0.414068,0.0104457,0.431002571428571,0.0242358182814952
"3420879_NPK_EG_25_98_S101_L001_R1_001_trim",0.376866,0.381382,0.379274,0.417206,0.367227,0.433715,0.391639,0.0101733,0.392472714285714,0.0259210376408333
"3420880_NPK_EG_25_99_S102_L001_R1_001_trim",0.346703,0.336058,0.348854,0.405082,0.353327,0.39203,0.362363,0.00972086,0.363488142857143,0.0267432657461415
"3420881_NPK_EG_25_100_S103_L001_R1_001_trim",0.356642,0.361795,0.328061,0.395528,0.349532,0.397713,0.366101,0.0107878,0.365053142857143,0.0295513138595868
"3420882_NPK_EG_25_101_S104_L001_R1_001_trim",0.306444,0.308099,0.287665,0.345268,0.304105,0.342845,0.316973,0.00903656,0.315914142857143,0.0286044806929912
"3420884_NPK_EG_25_102_S106_L001_R1_001_trim",0.328019,0.340962,0.308127,0.374474,0.336053,0.3751,0.342097,0.00930912,0.343547428571429,0.0270970446168381
"3420885_NPK_EG_25_103_S107_L001_R1_001_trim",0.314678,0.300212,0.293735,0.338391,0.312806,0.353758,0.32798,0.00906239,0.320222857142857,0.0283002596406074
"3420886_NPK_EG_25_104_S108_L001_R1_001_trim",0.36252,0.357153,0.343461,0.397698,0.366919,0.418034,0.358234,0.0112645,0.372002714285714,0.0302806930364179
"3420887_NPK_EG_25_105_S109_L001_R1_001_trim",0.204969,0.199871,0.17399,0.210562,0.199039,0.22189,0.183985,0.00623672,0.199186571428571,0.0313109460907433
"3420888_NPK_EG_25_106_S110_L001_R1_001_trim",0.202328,0.227072,0.193565,0.234122,0.231312,0.228237,0.215291,0.00572931,0.218846714285714,0.0261795568587798
"3420889_NPK_EG_25_107_S111_L001_R1_001_trim",0.383749,0.371832,0.357876,0.432932,0.382212,0.432507,0.367278,0.0104103,0.389769428571429,0.0267088674403109
"3420890_NPK_EG_25_108_S112_L001_R1_001_trim",0.373198,0.360858,0.350394,0.39379,0.360996,0.406577,0.350023,0.0109224,0.370833714285714,0.029453632664005
"3420891_NPK_EG_25_109_S113_L001_R1_001_trim",0.253819,0.243151,0.236011,0.287399,0.25232,0.297326,0.251761,0.00797309,0.260255285714286,0.0306356506002074
"3420892_NPK_EG_25_110_S114_L001_R1_001_trim",0.396325,0.382573,0.378595,0.433059,0.398279,0.454335,0.388326,0.00944784,0.404498857142857,0.0233569015911046
"3420893_NPK_EG_25_111_S115_L001_R1_001_trim",0.342571,0.347948,0.345076,0.395237,0.358052,0.415806,0.358722,0.00845048,0.366201714285714,0.0230760252351163
"3420894_NPK_EG_25_112_S116_L001_R1_001_trim",0.404476,0.429185,0.402729,0.488311,0.392068,0.465985,0.431646,0.0120005,0.430628571428571,0.0278674031316348
"3420895_NPK_EG_25_113_S117_L001_R1_001_trim",0.380958,0.38494,0.354165,0.415174,0.355539,0.435025,0.387563,0.0114991,0.387623428571429,0.0296656475135662
"3420896_NPK_EG_25_114_S118_L001_R1_001_trim",0.367906,0.376622,0.378151,0.396266,0.3761,0.421116,0.379545,0.00984213,0.385100857142857,0.0255572788723993
"3420897_NPK_EG_25_115_S119_L001_R1_001_trim",0.391803,0.375459,0.380511,0.433532,0.393312,0.463263,0.405314,0.0107622,0.406170571428571,0.0264967497821112
"3420898_NPK_EG_25_116_S120_L001_R1_001_trim",0.209533,0.193777,0.186317,0.230344,0.203145,0.234274,0.211776,0.00729437,0.209880857142857,0.0347548132750145
"3420899_NPK_EG_25_117_S121_L001_R1_001_trim",0.415571,0.409182,0.376055,0.470946,0.397632,0.471401,0.435871,0.0110387,0.425236857142857,0.0259589445613168
"3420900_NPK_EG_25_118_S122_L001_R1_001_trim",0.325336,0.336366,0.283769,0.380584,0.325546,0.384664,0.334468,0.00903027,0.338676142857143,0.0266634370045045
"3420901_NPK_EG_25_119_S123_L001_R1_001_trim",0.274323,0.264406,0.252413,0.300242,0.290995,0.312136,0.274418,0.00654233,0.281276142857143,0.0232594557559856
"3420902_NPK_EG_25_120_S124_L001_R1_001_trim",0.28458,0.27453,0.266631,0.310702,0.297918,0.340907,0.297886,0.00832269,0.296164857142857,0.0281015447959968
"3420903_NPK_EG_25_121_S125_L001_R1_001_trim",0.285498,0.29468,0.274598,0.323896,0.306458,0.339599,0.295389,0.00879775,0.302874,0.0290475577302773
"3420904_NPK_EG_25_122_S126_L001_R1_001_trim",0.279849,0.25899,0.235775,0.289412,0.271938,0.301019,0.262432,0.00695967,0.271345,0.0256487866000848
"3420905_NPK_EG_25_123_S127_L001_R1_001_trim",0.343714,0.368464,0.351656,0.406666,0.353754,0.411363,0.380382,0.0106016,0.373714142857143,0.0283682065627701
"3420906_NPK_EG_25_124_S128_L001_R1_001_trim",0.314541,0.318023,0.276472,0.345755,0.327326,0.355999,0.298335,0.0101617,0.319493,0.031805704663326
"3420907_NPK_EG_25_125_S129_L001_R1_001_trim",0.342433,0.331858,0.318085,0.357033,0.333351,0.371622,0.317756,0.00912151,0.338876857142857,0.0269168867915779
"3420908_NPK_EG_25_126_S130_L001_R1_001_trim",0.499155,0.493661,0.451422,0.534252,0.457827,0.540514,0.488612,0.0125558,0.495063285714286,0.0253620099941047
"3420909_NPK_EG_25_127_S131_L001_R1_001_trim",0.145248,0.144191,0.122339,0.157085,0.146985,0.164983,0.139638,0.00378486,0.145781285714286,0.0259625917102822
"3420910_NPK_EG_25_128_S132_L001_R1_001_trim",0.266117,0.26036,0.26191,0.299421,0.284544,0.309038,0.272651,0.00749943,0.279148714285714,0.0268653574822637
"3420911_NPK_EG_25_129_S133_L001_R1_001_trim",0.281795,0.281671,0.263597,0.310388,0.26606,0.316871,0.278846,0.0085338,0.285604,0.0298798336157757
"3420912_NPK_EG_25_130_S134_L001_R1_001_trim",0.392717,0.399316,0.389013,0.447655,0.392817,0.469471,0.402985,0.0112901,0.413424857142857,0.0273087111356218
"3420913_NPK_EG_25_131_S135_L001_R1_001_trim",0.43839,0.442987,0.417252,0.469094,0.451964,0.499685,0.449499,0.012254,0.452695857142857,0.0270689466374617
"3420914_NPK_EG_25_132_S136_L001_R1_001_trim",0.307611,0.316758,0.295133,0.334194,0.305177,0.344259,0.310877,0.0110243,0.316287,0.0348553686999466
"3420915_NPK_EG_25_133_S137_L001_R1_001_trim",0.375778,0.282332,0.272552,0.308407,0.282509,0.347881,0.295392,0.00827009,0.309264428571429,0.0267411614009463
"3420916_NPK_EG_25_134_S138_L001_R1_001_trim",0.424116,0.415897,0.422499,0.466978,0.403185,0.474276,0.427008,0.011461,0.433422714285714,0.0264430073049768
"3420917_NPK_EG_25_135_S139_L001_R1_001_trim",0.596558,0.639233,0.639322,0.69667,0.582516,0.690523,0.669754,0.0190519,0.644939428571429,0.0295406035915665
"3420918_NPK_EG_25_136_S140_L001_R1_001_trim",0.381683,0.382419,0.386755,0.425597,0.376085,0.438363,0.379369,0.0111567,0.395753,0.0281910686716209
"3420919_NPK_EG_25_137_S141_L001_R1_001_trim",0.413245,0.422463,0.379307,0.452953,0.40478,0.469739,0.426168,0.0122028,0.424093571428571,0.0287738386575739
"3420920_NPK_EG_25_138_S142_L001_R1_001_trim",0.316495,0.307958,0.287884,0.346097,0.31694,0.349691,0.315857,0.0081835,0.320131714285714,0.025562915621338
"3420921_NPK_EG_25_139_S143_L001_R1_001_trim",0.317369,0.328712,0.302702,0.355888,0.338026,0.367756,0.323734,0.00842836,0.333455285714286,0.0252758326560811
"3420922_NPK_EG_25_140_S144_L001_R1_001_trim",0.43738,0.419939,0.402614,0.503406,0.394058,0.481088,0.444155,0.0124011,0.440377142857143,0.0281601808839177
"3420923_NPK_EG_25_141_S145_L001_R1_001_trim",0.378338,0.390488,0.368877,0.419229,0.380448,0.435171,0.379829,0.0107352,0.393197142857143,0.0273023347066902
"3420924_NPK_EG_25_142_S146_L001_R1_001_trim",0.40298,0.407854,0.387068,0.453313,0.404167,0.472611,0.415889,0.0115994,0.420554571428571,0.0275812006051873
"3420925_NPK_EG_25_143_S147_L001_R1_001_trim",0.290801,0.288146,0.262089,0.317797,0.282078,0.3363,0.280442,0.00877354,0.293950428571429,0.0298470053016714
"3420926_NPK_EG_25_144_S148_L001_R1_001_trim",0.301274,0.320525,0.312489,0.348016,0.320535,0.367558,0.320731,0.00876377,0.327304,0.0267756275511451
"3420927_NPK_EG_25_145_S149_L001_R1_001_trim",0.416222,0.458383,0.422293,0.483555,0.448586,0.493775,0.446159,0.0138449,0.452710428571429,0.0305822422595585
"3420928_NPK_EG_25_146_S150_L001_R1_001_trim",0.360145,0.348896,0.314879,0.377597,0.335746,0.397508,0.349261,0.00926792,0.354861714285714,0.026116990441347
"3420929_NPK_EG_25_147_S151_L001_R1_001_trim",0.351359,0.367804,0.356748,0.418515,0.386281,0.416237,0.382686,0.0112066,0.382804285714286,0.0292750118486507
"3420930_NPK_EG_25_148_S152_L001_R1_001_trim",0.405591,0.419266,0.401467,0.46016,0.423876,0.479488,0.446076,0.0116823,0.433703428571429,0.0269361485992403
"3420931_NPK_EG_25_149_S153_L001_R1_001_trim",0.430421,0.452254,0.433914,0.476711,0.430388,0.490372,0.432945,0.012442,0.449572142857143,0.0276752022955159
"3420932_NPK_EG_25_150_S154_L001_R1_001_trim",0.237151,0.238294,0.223937,0.264785,0.244076,0.275745,0.239441,0.00747755,0.246204142857143,0.0303713410880286
"3420933_NPK_EG_25_151_S155_L001_R1_001_trim",0.346964,0.337599,0.346466,0.390823,0.330117,0.390599,0.354152,0.011602,0.356674285714286,0.0325282770995546
"3420934_NPK_EG_25_152_S156_L001_R1_001_trim",0.469005,0.485567,0.469828,0.531229,0.46069,0.581572,0.501558,0.0125433,0.499921285714286,0.025090549969438
"3420935_NPK_EG_25_153_S157_L001_R1_001_trim",0.279127,0.289791,0.251913,0.3201,0.278157,0.317649,0.263409,0.00855173,0.285735142857143,0.029928870192476
"3420936_NPK_EG_25_154_S158_L001_R1_001_trim",0.42418,0.424362,0.393276,0.46526,0.424813,0.480316,0.415722,0.0109342,0.432561285714286,0.0252778053910775
"3420937_NPK_EG_25_155_S159_L001_R1_001_trim",0.328488,0.33207,0.326789,0.379376,0.362926,0.383514,0.32129,0.0100837,0.347779,0.0289945626389172
"3420938_NPK_EG_25_156_S160_L001_R1_001_trim",0.271915,0.27876,0.249405,0.299327,0.283304,0.313944,0.272446,0.00741703,0.281300142857143,0.0263669613696809
"3420939_NPK_EG_25_157_S161_L001_R1_001_trim",0.268417,0.284798,0.268246,0.30936,0.29397,0.313353,0.279321,0.00822261,0.288209285714286,0.0285299968029185
"3420940_NPK_EG_25_158_S162_L001_R1_001_trim",0.465501,0.475808,0.455624,0.499972,0.435845,0.526171,0.44079,0.0134403,0.471387285714286,0.0285122242523663
"3420941_NPK_EG_25_159_S163_L001_R1_001_trim",0.430134,0.463488,0.461466,0.511632,0.473183,0.531646,0.450349,0.0132087,0.474556857142857,0.0278337564849974
"3420942_NPK_EG_25_160_S164_L001_R1_001_trim",0.39075,0.398319,0.378325,0.442518,0.374407,0.452248,0.402681,0.0102581,0.405606857142857,0.0252907460003494
"3420943_NPK_EG_25_161_S165_L001_R1_001_trim",0.425224,0.405141,0.390526,0.448389,0.392085,0.466999,0.424473,0.210599,0.421833857142857,0.499246318032455
"3420944_NPK_EG_25_162_S166_L001_R1_001_trim",0.340435,0.317416,0.307011,0.348628,0.326808,0.374709,0.336893,0.162375,0.335985714285714,0.483279476168204
"3420945_NPK_EG_25_163_S167_L001_R1_001_trim",0.419271,0.414949,0.433709,0.452422,0.424468,0.459994,0.412136,0.0120303,0.430992714285714,0.0279130008495338
"3420946_NPK_EG_25_164_S168_L001_R1_001_trim",0.497999,0.514945,0.516365,0.538262,0.505306,0.584591,0.53344,0.0158123,0.527272571428571,0.0299888536912868
"3420947_NPK_EG_25_165_S169_L001_R1_001_trim",0.198807,0.205256,0.178009,0.210962,0.198196,0.233989,0.208072,0.00584849,0.204755857142857,0.0285632366351285
"3420948_NPK_EG_25_166_S170_L001_R1_001_trim",0.372011,0.393137,0.341349,0.404549,0.359984,0.420433,0.382313,0.00860223,0.381968,0.0225208132618439
"3420949_NPK_EG_25_167_S171_L001_R1_001_trim",0.258898,0.232116,0.22529,0.269537,0.263086,0.277247,0.244864,0.00674344,0.253005428571429,0.0266533411479596
"3420950_NPK_EG_25_168_S172_L001_R1_001_trim",0.482493,0.511573,0.491754,0.542254,0.500702,0.551574,0.541894,0.0120806,0.517463428571429,0.0233458044239979
"3420951_NPK_EG_25_169_S173_L001_R1_001_trim",0.417732,0.448962,0.414735,0.464144,0.431787,0.482977,0.449748,0.012871,0.444297857142857,0.02896930469746
"3420952_NPK_EG_25_170_S174_L001_R1_001_trim",0.569579,0.572866,0.51874,0.629276,0.590969,0.644946,0.57192,0.0133277,0.585470857142857,0.0227640707259798
"3420953_NPK_EG_25_171_S175_L001_R1_001_trim",0.474422,0.46748,0.480219,0.520335,0.473471,0.533599,0.505171,0.0123703,0.493528142857143,0.0250650346470327
"3420954_NPK_EG_25_172_S176_L001_R1_001_trim",0.531058,0.557812,0.49011,0.592633,0.536753,0.59954,0.586993,0.0123073,0.556414142857143,0.0221189561013007
"3420955_NPK_EG_25_173_S177_L001_R1_001_trim",0.248644,0.237655,0.221585,0.262584,0.229271,0.265037,0.23078,0.00808388,0.242222285714286,0.0333738077657122
"3420956_NPK_EG_25_174_S178_L001_R1_001_trim",0.320239,0.351705,0.309323,0.360772,0.355514,0.381179,0.326241,0.00828312,0.343567571428571,0.0241091438448581
"3420957_NPK_EG_25_175_S179_L001_R1_001_trim",0.280712,0.267502,0.262393,0.31259,0.247691,0.309725,0.277288,0.0077941,0.279700142857143,0.027865913547212
"3420958_NPK_EG_25_176_S180_L001_R1_001_trim",0.407673,0.430953,0.396593,0.459132,0.412981,0.50458,0.454043,0.0126226,0.437993571428571,0.0288191444427593
"3420959_NPK_EG_25_177_S181_L001_R1_001_trim",0.244559,0.248012,0.234376,0.268813,0.250914,0.286742,0.253432,0.00669665,0.255264,0.0262342124232167
"3420960_NPK_EG_25_178_S182_L001_R1_001_trim",0.297396,0.274429,0.279913,0.332957,0.301062,0.332505,0.295969,0.00850727,0.302033,0.0281666903947582
"3420961_NPK_EG_25_179_S183_L001_R1_001_trim",0.287452,0.28647,0.258617,0.319846,0.293253,0.334115,0.295511,0.00872327,0.296466285714286,0.0294241551918214
"3420962_NPK_EG_25_180_S184_L001_R1_001_trim",0.419456,0.424122,0.433636,0.467016,0.432441,0.479633,0.432867,0.0110695,0.441310142857143,0.0250832666757522
"3420963_NPK_EG_25_181_S185_L001_R1_001_trim",0.377595,0.420695,0.381518,0.431792,0.422661,0.468741,0.405016,0.0116523,0.415431142857143,0.0280486915830645
"3420964_NPK_EG_25_182_S186_L001_R1_001_trim",0.37272,0.415897,0.367302,0.424536,0.391309,0.42854,0.404546,0.0129923,0.400692857142857,0.0324245859849903
"3420965_NPK_EG_25_183_S187_L001_R1_001_trim",0.458752,0.491558,0.478686,0.534467,0.474066,0.539709,0.503552,0.011967,0.497255714285714,0.0240660884454391
"3420966_NPK_EG_25_184_S188_L001_R1_001_trim",0.379848,0.388459,0.35582,0.41689,0.374355,0.438823,0.37928,0.0121692,0.390496428571429,0.0311634092135469
"3420967_NPK_EG_25_185_S189_L001_R1_001_trim",0.326141,0.350145,0.32662,0.388818,0.347191,0.391923,0.330169,0.00795657,0.351572428571429,0.0226313821943619
"3420968_NPK_EG_25_186_S190_L001_R1_001_trim",0.49735,0.499573,0.505869,0.562953,0.484462,0.572928,0.497203,0.0130877,0.517191142857143,0.0253053444181179
"3420971_NPK_EG_25_187_S193_L001_R1_001_trim",0.338332,0.335816,0.318038,0.374763,0.343812,0.381338,0.329032,0.012048,0.345875857142857,0.0348333072435981
"3420972_NPK_EG_25_188_S194_L001_R1_001_trim",0.336003,0.336875,0.321824,0.380414,0.350112,0.391614,0.34224,0.0093154,0.351297428571429,0.0265171311896065
"3420973_NPK_EG_25_189_S195_L001_R1_001_trim",0.314474,0.306507,0.294164,0.34526,0.300963,0.323077,0.305845,0.00674856,0.312898571428571,0.0215678837048975
"3420974_NPK_EG_25_190_S196_L001_R1_001_trim",0.359622,0.363387,0.330104,0.401197,0.364113,0.421221,0.366325,0.0102304,0.372281285714286,0.0274802961969233
"3420975_NPK_EG_25_191_S197_L001_R1_001_trim",0.348141,0.357563,0.355743,0.389723,0.355449,0.396343,0.34939,0.0100411,0.364621714285714,0.0275384037938341
"3420976_NPK_EG_25_192_S198_L001_R1_001_trim",0.369088,0.382244,0.358897,0.42816,0.361761,0.459536,0.392792,0.011008,0.393211142857143,0.0279951374724884
"3420977_NPK_EG_25_193_S199_L001_R1_001_trim",0.483912,0.490934,0.497603,0.537402,0.502457,0.578008,0.546297,0.0132455,0.519516142857143,0.0254958391228322
"3420978_NPK_EG_25_194_S200_L001_R1_001_trim",0.430716,0.435726,0.427421,0.479664,0.43948,0.498362,0.451857,0.0118625,0.451889428571429,0.0262508907046161
"3420979_NPK_EG_25_195_S201_L001_R1_001_trim",0.301111,0.30144,0.305307,0.34311,0.292932,0.332602,0.3139,0.00859851,0.312914571428571,0.0274787778681721
"3420980_NPK_EG_25_196_S202_L001_R1_001_trim",0.405961,0.383004,0.377077,0.420784,0.363737,0.43674,0.374826,0.0104026,0.394589857142857,0.0263630699362702
"3420981_NPK_EG_25_197_S203_L001_R1_001_trim",0.333351,0.335352,0.30857,0.362397,0.310919,0.358503,0.329906,0.0109696,0.334142571428571,0.0328291003241559
"3420982_NPK_EG_25_198_S204_L001_R1_001_trim",0.361236,0.364256,0.340023,0.404423,0.380156,0.410501,0.379071,0.00939849,0.377095142857143,0.0249233918230564
"3420983_NPK_EG_25_199_S205_L001_R1_001_trim",0.382477,0.401532,0.363379,0.442187,0.388007,0.447927,0.385029,0.0106198,0.401505428571429,0.0264499537099303
"3420984_NPK_EG_25_200_S206_L001_R1_001_trim",0.291446,0.281914,0.272635,0.323211,0.273425,0.326235,0.292462,0.00951185,0.294475428571429,0.0323009972212089
"3420985_NPK_EG_25_201_S207_L001_R1_001_trim",0.37835,0.381567,0.370678,0.406528,0.394495,0.41834,0.415519,0.0103477,0.395068142857143,0.026192190352695
"3420986_NPK_EG_25_202_S208_L001_R1_001_trim",0.265754,0.274189,0.266529,0.309782,0.262169,0.31719,0.276228,0.00969898,0.281691571428571,0.0344312041386704
"3420988_NPK_EG_25_203_S210_L001_R1_001_trim",0.238628,0.251291,0.233582,0.279881,0.248861,0.28264,0.250385,0.00711166,0.255038285714286,0.0278846761382605
"3420989_NPK_EG_25_204_S211_L001_R1_001_trim",0.274739,0.282418,0.249606,0.305793,0.27374,0.311895,0.278859,0.0077124,0.282435714285714,0.0273067448977011
"3420990_NPK_EG_25_205_S212_L001_R1_001_trim",0.371488,0.343662,0.337789,0.404176,0.37829,0.391776,0.384347,0.00987891,0.373075428571429,0.0264796586519463
"3420991_NPK_EG_25_206_S213_L001_R1_001_trim",0.384424,0.377761,0.339568,0.413423,0.372802,0.419305,0.360925,0.00923487,0.381172571428571,0.0242275302375227
"3420992_NPK_EG_25_207_S214_L001_R1_001_trim",0.359489,0.365473,0.345234,0.401779,0.356008,0.421991,0.367826,0.0114447,0.373971428571429,0.030603140041256
"3420993_NPK_EG_25_208_S215_L001_R1_001_trim",0.315433,0.320657,0.302118,0.357778,0.321418,0.368974,0.329893,0.00863505,0.330895857142857,0.0260959749528445
"3420994_NPK_EG_25_209_S216_L001_R1_001_trim",0.584732,0.60692,0.545929,0.635345,0.552665,0.638404,0.581454,0.0145671,0.592207,0.0245979868525701
"3420995_NPK_EG_25_210_S217_L001_R1_001_trim",0.299846,0.317053,0.304468,0.3501,0.3132,0.369154,0.315269,0.00877936,0.324155714285714,0.0270837736713837
"3420996_NPK_EG_25_211_S218_L001_R1_001_trim",0.386961,0.381503,0.368036,0.424463,0.381215,0.434491,0.383534,0.00984306,0.394314714285714,0.0249624466026593
"3420997_NPK_EG_25_212_S219_L001_R1_001_trim",0.41934,0.397006,0.426926,0.457968,0.388574,0.468963,0.406388,0.0121697,0.423595,0.0287295647965628
"3420998_NPK_EG_25_213_S220_L001_R1_001_trim",0.4102,0.411216,0.419328,0.479093,0.425163,0.515805,0.450186,0.0140562,0.444427285714286,0.0316276710540146
"3420999_NPK_EG_25_214_S221_L001_R1_001_trim",0.335896,0.33108,0.291819,0.373071,0.325463,0.380088,0.347138,0.0119267,0.340650714285714,0.035011522065962
"3421000_NPK_EG_25_215_S222_L001_R1_001_trim",0.330599,0.354151,0.316195,0.380221,0.350237,0.364379,0.333846,0.00927071,0.347089714285714,0.0267098378846474
"3421001_NPK_EG_25_216_S223_L001_R1_001_trim",0.564927,0.560832,0.530746,0.617024,0.552283,0.644987,0.622087,0.0132136,0.584698,0.0225990169283972
"3421002_NPK_EG_25_217_S224_L001_R1_001_trim",0.498051,0.528441,0.468168,0.539957,0.489557,0.545729,0.472921,0.0122672,0.506117714285714,0.0242378396443064
"3421003_NPK_EG_25_218_S225_L001_R1_001_trim",0.235944,0.257844,0.214482,0.260502,0.22679,0.270965,0.248381,0.00649392,0.244986857142857,0.0265072178799096
"3421004_NPK_EG_25_219_S226_L001_R1_001_trim",0.306301,0.282343,0.278012,0.324983,0.298785,0.329956,0.296989,0.00792514,0.302481285714286,0.0262004308176799
"3421005_NPK_EG_25_220_S227_L001_R1_001_trim",0.388135,0.405107,0.366451,0.435761,0.380519,0.471006,0.412031,0.0123592,0.40843,0.0302602649168768
"3421006_NPK_EG_25_221_S228_L001_R1_001_trim",0.35787,0.395987,0.366391,0.405255,0.397862,0.435903,0.381383,0.0113257,0.391521571428571,0.0289273971768022
"3421007_NPK_EG_25_222_S229_L001_R1_001_trim",0.375374,0.386175,0.351829,0.40495,0.385678,0.426679,0.37754,0.00920135,0.386889285714286,0.0237829020853142
"3421008_NPK_EG_25_223_S230_L001_R1_001_trim",0.40409,0.421537,0.410472,0.45549,0.405002,0.456083,0.425742,0.0117531,0.425488,0.0276226356559997
"3421009_NPK_EG_25_224_S231_L001_R1_001_trim",0.783698,0.85348,0.770494,0.912629,0.811043,0.957822,0.84318,0.0190339,0.847478,0.0224594620745317
"3421010_NPK_EG_25_225_S232_L001_R1_001_trim",0.707937,0.758815,0.715336,0.82874,0.704975,0.850265,0.724526,0.019131,0.755799142857143,0.0253122806248221
"3421011_NPK_EG_25_226_S233_L001_R1_001_trim",0.258604,0.266839,0.243862,0.292368,0.263355,0.299915,0.261101,0.00722664,0.269434857142857,0.0268214739422834
"3421012_NPK_EG_25_227_S234_L001_R1_001_trim",0.22087,0.226766,0.201971,0.240753,0.235273,0.256915,0.224122,0.00677137,0.229524285714286,0.0295017582951073
"3421013_NPK_EG_25_228_S235_L001_R1_001_trim",0.264888,0.255859,0.246652,0.287992,0.274604,0.303696,0.262582,0.008521,0.270896142857143,0.0314548590841087
"3421014_NPK_EG_25_229_S236_L001_R1_001_trim",0.395421,0.410792,0.382998,0.446091,0.395535,0.469482,0.405004,0.0103353,0.415046142857143,0.0249015686035597
"3421015_NPK_EG_25_230_S237_L001_R1_001_trim",0.477319,0.473324,0.445053,0.5421,0.508627,0.516918,0.474852,0.0115066,0.491170428571429,0.0234268989553524
"3421016_NPK_EG_25_231_S238_L001_R1_001_trim",0.246935,0.243669,0.231785,0.271757,0.245231,0.276116,0.25298,0.00641827,0.252639,0.025404905814225
"3421017_NPK_EG_25_232_S239_L001_R1_001_trim",0.43206,0.423429,0.423865,0.472524,0.445089,0.47426,0.420064,0.189172,0.441613,0.428366012775892
"3421018_NPK_EG_25_233_S240_L001_R1_001_trim",0.304697,0.302377,0.293094,0.335148,0.296607,0.341879,0.318988,0.0088436,0.313255714285714,0.0282312487743924
"3421019_NPK_EG_25_234_S241_L001_R1_001_trim",0.26238,0.275597,0.270481,0.29721,0.268795,0.325405,0.263577,0.00760929,0.280492142857143,0.0271283534807443
"3421020_NPK_EG_25_235_S242_L001_R1_001_trim",0.371561,0.402961,0.341874,0.417457,0.376446,0.437232,0.376164,0.0112645,0.389099285714286,0.0289501944968141
"3421021_NPK_EG_25_236_S243_L001_R1_001_trim",0.34083,0.353687,0.326334,0.392782,0.337818,0.403025,0.350928,0.00950021,0.357914857142857,0.0265432121925246
"3421022_NPK_EG_25_237_S244_L001_R1_001_trim",0.301282,0.308124,0.286348,0.333045,0.3073,0.358005,0.326424,0.00895695,0.317218285714286,0.0282359195650764
"3421023_NPK_EG_25_238_S245_L001_R1_001_trim",0.380302,0.352935,0.353378,0.406254,0.351194,0.413369,0.383299,0.00975997,0.377247285714286,0.0258715446594144
"3421024_NPK_EG_25_239_S246_L001_R1_001_trim",0.342345,0.36156,0.366742,0.385223,0.36758,0.420083,0.353554,0.0099201,0.371012428571429,0.0267379182907619
"3421025_NPK_EG_25_240_S247_L001_R1_001_trim",0.300983,0.305196,0.298934,0.354215,0.29428,0.356466,0.310633,0.00878332,0.317243857142857,0.0276863359281526
"3421026_NPK_EG_25_241_S248_L001_R1_001_trim",0.14231,0.147882,0.130902,0.162056,0.15369,0.161836,0.150652,0.0049007,0.149904,0.0326922563774149
"3421027_NPK_EG_25_242_S249_L001_R1_001_trim",0.5101,0.517075,0.525143,0.564408,0.509491,0.572957,0.508164,0.0114521,0.529619714285714,0.0216232509687544
"3421028_NPK_EG_25_243_S250_L001_R1_001_trim",0.388163,0.37863,0.364584,0.428772,0.380756,0.440773,0.386985,0.0137254,0.395523285714286,0.0347018759596238
"3421029_NPK_EG_25_244_S251_L001_R1_001_trim",0.332591,0.337795,0.303989,0.374932,0.338609,0.385185,0.333761,0.0110792,0.343837428571429,0.0322222046797864
"3421030_NPK_EG_25_245_S252_L001_R1_001_trim",0.432322,0.422623,0.423072,0.481107,0.43525,0.512298,0.444442,0.0149174,0.450159142857143,0.0331380584770973
"3421031_NPK_EG_25_246_S253_L001_R1_001_trim",0.31669,0.311684,0.288348,0.350611,0.310294,0.361136,0.309614,0.010941,0.321196714285714,0.0340632376153999
"3421032_NPK_EG_25_247_S254_L001_R1_001_trim",0.422996,0.40558,0.373045,0.458433,0.423649,0.462697,0.416615,0.0138127,0.423287857142857,0.0326319306517179
"3421033_NPK_EG_25_248_S255_L001_R1_001_trim",0.471647,0.489531,0.457243,0.540748,0.493065,0.531622,0.519322,0.0155221,0.500454,0.0310160374380063
"3421034_NPK_EG_25_249_S256_L001_R1_001_trim",0.551253,0.557545,0.550896,0.620837,0.561317,0.607717,0.571974,0.01501,0.574505571428571,0.0261268136402507
"3421035_NPK_EG_25_250_S257_L001_R1_001_trim",0.29186,0.275077,0.265349,0.326654,0.283489,0.321184,0.291498,0.00671388,0.293587285714286,0.0228684290045647
"3421043_NF_EG_25_08_S265_L001_R1_001_trim",0.18196,0.182586,0.159324,0.200026,0.181853,0.205159,0.18796,0.0055999,0.185552571428571,0.0301795871481937
"3421044_NF_EG_25_09_S266_L001_R1_001_trim",0.252891,0.255112,0.21625,0.293051,0.242718,0.282447,0.250974,0.00807993,0.256206142857143,0.0315368316695875
"3421045_NF_EG_25_10_S267_L001_R1_001_trim",0.284549,0.290907,0.265853,0.316419,0.303989,0.334296,0.292585,0.128085,0.298371142857143,0.429280790271752
"3421046_NF_EG_25_11_S268_L001_R1_001_trim",0.399237,0.407106,0.393877,0.447007,0.396284,0.448455,0.411437,0.0119281,0.414771857142857,0.0287582192344638
"3421047_NF_EG_25_12_S269_L001_R1_001_trim",0.366502,0.361172,0.339085,0.400008,0.348002,0.422791,0.380935,0.0125039,0.374070714285714,0.0334265675512079
"3421048_NF_EG_25_13_S270_L001_R1_001_trim",0.419655,0.415371,0.431326,0.458329,0.422203,0.462222,0.424943,0.0105192,0.433435571428571,0.0242693509564282
"3421049_NF_EG_25_14_S271_L001_R1_001_trim",0.234993,0.236156,0.192128,0.25363,0.239465,0.266768,0.235018,0.00664987,0.236879714285714,0.0280727711110763
"3421050_NF_EG_25_15_S272_L001_R1_001_trim",0.321091,0.319264,0.302367,0.346994,0.329006,0.362261,0.31809,0.00982141,0.328439,0.0299033001561934
"3421051_NF_EG_25_16_S273_L001_R1_001_trim",0.323831,0.328547,0.319367,0.354885,0.32292,0.379792,0.32052,0.00895975,0.335694571428571,0.0266901843597624
"3421052_NF_EG_25_17_S274_L001_R1_001_trim",0.327585,0.345335,0.326418,0.364398,0.329901,0.362733,0.316974,0.00892227,0.339049142857143,0.0263155657165586
"3421053_NF_EG_25_18_S275_L001_R1_001_trim",0.29464,0.287547,0.284591,0.314832,0.295815,0.339039,0.296214,0.00825473,0.301811142857143,0.0273506469040715
"3421054_NF_EG_25_19_S276_L001_R1_001_trim",0.24809,0.219605,0.207642,0.275257,0.238066,0.279093,0.238331,0.00712562,0.243726285714286,0.02923615718804
"3421055_NF_EG_25_20_S277_L001_R1_001_trim",0.227314,0.234827,0.20901,0.256736,0.224484,0.263346,0.237143,0.00636218,0.236122857142857,0.0269443631039532
"3421056_NF_EG_25_21_S278_L001_R1_001_trim",0.359843,0.370152,0.346115,0.41695,0.383052,0.425492,0.377154,0.00901724,0.382679714285714,0.0235634125964346
"3421057_NF_EG_25_22_S279_L001_R1_001_trim",0.468989,0.493098,0.470541,0.522494,0.483874,0.525922,0.48135,0.0134741,0.492324,0.0273683590481065
"3421058_NF_EG_25_23_S280_L001_R1_001_trim",0.359391,0.35573,0.326358,0.396632,0.39202,0.414261,0.362759,0.0105469,0.372450142857143,0.0283176156655292
"3421059_NF_EG_25_24_S281_L001_R1_001_trim",0.326898,0.312332,0.308244,0.376816,0.334377,0.377077,0.340044,0.0083739,0.339398285714286,0.024672782251615
"3421060_NF_EG_25_25_S282_L001_R1_001_trim",0.232849,0.233986,0.212554,0.266124,0.23633,0.274866,0.242339,0.00685632,0.242721142857143,0.0282477246081335
"3421061_NF_EG_25_26_S283_L001_R1_001_trim",0.318215,0.3095,0.290712,0.335187,0.300661,0.348896,0.310454,0.0111947,0.316232142857143,0.0354002597549269
"3421062_NF_EG_25_27_S284_L001_R1_001_trim",0.359148,0.360702,0.328183,0.37308,0.342695,0.418569,0.362255,0.0102588,0.363518857142857,0.0282208193561977
"3421063_NF_EG_25_28_S285_L001_R1_001_trim",0.419351,0.439894,0.39854,0.467634,0.41013,0.471082,0.403411,0.0112017,0.430006,0.0260501016264889
"3421064_NF_EG_25_29_S286_L001_R1_001_trim",0.32546,0.337143,0.321436,0.370407,0.318801,0.36226,0.33088,0.00788767,0.338055285714286,0.0233324853458035
"3421067_NF_EG_25_30_S289_L002_R1_001_trim",0.723106,0.745132,0.722644,0.789602,0.699164,0.828682,0.779167,0.0156706,0.755356714285714,0.020745959761301
"3421068_NF_EG_25_31_S290_L002_R1_001_trim",0.422314,0.43195,0.421151,0.484991,0.40735,0.489834,0.440359,0.00993081,0.442564142857143,0.0224392557785812
"3421069_NF_EG_25_32_S291_L002_R1_001_trim",0.507667,0.521979,0.499627,0.583062,0.536555,0.608986,0.551568,0.011545,0.544206285714286,0.0212143819413017
"3421070_NF_EG_25_33_S292_L002_R1_001_trim",0.366758,0.376159,0.373218,0.420151,0.375382,0.415272,0.373801,0.0100963,0.385820142857143,0.0261684108176238
"3421071_NF_EG_25_34_S293_L002_R1_001_trim",0.323585,0.348273,0.331124,0.380081,0.347775,0.377491,0.346683,0.00958959,0.350716,0.0273428928249638
"3421072_NF_EG_25_35_S294_L002_R1_001_trim",0.320214,0.323138,0.300953,0.354444,0.332953,0.357684,0.323315,0.00740726,0.330385857142857,0.0224200274916645
"3421073_NF_EG_25_36_S295_L002_R1_001_trim",0.511478,0.548969,0.514855,0.5799,0.523322,0.617192,0.538236,0.0121443,0.547707428571429,0.0221729693016501
"3421074_NF_EG_25_37_S296_L002_R1_001_trim",0.619449,0.602211,0.625534,0.691893,0.635219,0.683676,0.617167,0.0129692,0.639307,0.0202863413039432
"3421075_NF_EG_25_38_S297_L002_R1_001_trim",0.426125,0.441911,0.413568,0.501588,0.42957,0.486405,0.417253,0.0124267,0.445202857142857,0.0279124444073649
"3421076_NF_EG_25_39_S298_L002_R1_001_trim",0.28587,0.275974,0.276452,0.343225,0.280119,0.326477,0.297493,0.00941246,0.297944285714286,0.0315913425808277
"3421077_NF_EG_25_40_S299_L002_R1_001_trim",0.293797,0.291433,0.277402,0.323334,0.304808,0.328022,0.307025,0.00690404,0.303688714285714,0.0227339366767004
"3421078_NF_EG_25_41_S300_L002_R1_001_trim",0.369917,0.385913,0.359311,0.411695,0.353614,0.40038,0.382177,0.012324,0.380429571428571,0.0323949580305271
"3421079_NF_EG_25_42_S301_L002_R1_001_trim",0.314611,0.342221,0.31001,0.373431,0.325107,0.37665,0.31173,0.00896487,0.336251428571429,0.0266612101488682
"3421080_NF_EG_25_43_S302_L002_R1_001_trim",0.269953,0.279334,0.248579,0.31257,0.272133,0.313458,0.274097,0.00835086,0.281446285714286,0.0296712389676995
"3421081_NF_EG_25_44_S303_L002_R1_001_trim",0.34407,0.333554,0.32289,0.366665,0.344055,0.369502,0.343048,0.0081714,0.346254857142857,0.023599380142785
"3421082_NF_EG_25_45_S304_L002_R1_001_trim",0.392613,0.38259,0.389682,0.41796,0.361501,0.437574,0.397561,0.0127511,0.397068714285714,0.0321130815429211
"3421083_NF_EG_25_46_S305_L002_R1_001_trim",0.329493,0.323116,0.3109,0.368461,0.334365,0.38382,0.327409,0.00841905,0.339652,0.0247872822771543
"3421084_NF_EG_25_47_S306_L002_R1_001_trim",0.363688,0.360161,0.349136,0.409856,0.368237,0.418484,0.38438,0.0101333,0.379134571428571,0.0267274492057475
"3421085_NF_EG_25_48_S307_L002_R1_001_trim",0.338429,0.341498,0.317163,0.360393,0.33379,0.382903,0.34889,0.00911639,0.346152285714286,0.0263363565004007
"3421086_NF_EG_25_49_S308_L002_R1_001_trim",0.323538,0.329654,0.312626,0.362084,0.321236,0.364258,0.322914,0.00977393,0.333758571428571,0.0292844314324726
"3421087_NF_EG_25_50_S309_L002_R1_001_trim",0.248323,0.253802,0.228575,0.287052,0.244768,0.28353,0.247062,0.00703694,0.256158857142857,0.027471000138307
"3421088_NF_EG_25_51_S310_L002_R1_001_trim",0.271095,0.280216,0.281169,0.323094,0.26874,0.33826,0.280724,0.0081977,0.291899714285714,0.0280839603425443
"3421089_NF_EG_25_52_S311_L002_R1_001_trim",0.405094,0.397895,0.393393,0.445325,0.395441,0.448211,0.401262,0.0112887,0.412374428571429,0.0273748787942719
"3421090_NF_EG_25_53_S312_L002_R1_001_trim",0.383695,0.38586,0.364456,0.433567,0.381674,0.44979,0.383934,0.0129562,0.397568,0.0325886389246619
"3421092_NF_EG_25_54_S314_L002_R1_001_trim",0.365745,0.355736,0.354757,0.382169,0.356293,0.414223,0.382327,0.0108721,0.373035714285714,0.0291449305887985
"3421093_NF_EG_25_55_S315_L002_R1_001_trim",0.382185,0.40075,0.37406,0.440428,0.393862,0.466421,0.400252,0.00941083,0.408279714285714,0.0230499573471689
"3421094_NF_EG_25_56_S316_L002_R1_001_trim",0.305846,0.308348,0.295981,0.350471,0.317391,0.354226,0.322721,0.0081849,0.322140571428571,0.0254078521177977
"3421095_NF_EG_25_57_S317_L002_R1_001_trim",0.393205,0.378209,0.360342,0.424054,0.36261,0.427019,0.375757,0.0118441,0.388742285714286,0.0304677428601247
"3421096_NF_EG_25_58_S318_L002_R1_001_trim",0.316716,0.32915,0.293668,0.355289,0.323843,0.363425,0.321056,0.00891622,0.329021,0.027099242905468
"3421097_NF_EG_25_59_S319_L002_R1_001_trim",0.323571,0.333115,0.331522,0.3677,0.334552,0.387038,0.341054,0.00871605,0.345507428571429,0.0252268092643863
"3421098_NF_EG_25_60_S320_L002_R1_001_trim",0.284637,0.302108,0.276949,0.308363,0.284323,0.332629,0.285521,0.00758695,0.296361428571429,0.0256003287491625
"3421099_NF_EG_25_61_S321_L002_R1_001_trim",0.418952,0.442134,0.414707,0.468666,0.4556,0.493636,0.443116,0.0103605,0.448115857142857,0.0231201369798818
"3421100_NF_EG_25_62_S322_L002_R1_001_trim",0.45625,0.479317,0.44526,0.516267,0.458371,0.51192,0.482195,0.0117931,0.478511428571429,0.0246453883770503
"3421101_NF_EG_25_63_S323_L002_R1_001_trim",0.249154,0.256925,0.229667,0.280005,0.255557,0.301646,0.253728,0.00848306,0.260954571428571,0.0325078037666107
"3421102_NF_EG_25_64_S324_L002_R1_001_trim",0.31254,0.326675,0.312016,0.35105,0.328037,0.364229,0.327905,0.00983701,0.331778857142857,0.0296492973805271
"3421103_NF_EG_25_65_S325_L002_R1_001_trim",0.355033,0.357075,0.349139,0.410804,0.368147,0.40542,0.373297,0.00930935,0.374130714285714,0.0248826136014342
"3421104_NF_EG_25_66_S326_L002_R1_001_trim",0.361216,0.369576,0.334082,0.400344,0.36285,0.412039,0.374507,0.010242,0.373516285714286,0.0274204911317694
"3421105_NF_EG_25_67_S327_L002_R1_001_trim",0.294116,0.287952,0.268447,0.320115,0.293745,0.338895,0.295121,0.00844629,0.299770142857143,0.0281758880971182
"3421106_NF_EG_25_68_S328_L002_R1_001_trim",0.34124,0.368838,0.345438,0.404761,0.358699,0.390515,0.38381,0.0081437,0.370471571428571,0.0219819835800009
"3421107_NF_EG_25_69_S329_L002_R1_001_trim",0.314721,0.326333,0.325201,0.366207,0.320341,0.371186,0.310828,0.00910895,0.333545285714286,0.0273094850688512
"3421108_NF_EG_25_70_S330_L002_R1_001_trim",0.190594,0.190575,0.17083,0.215166,0.187794,0.219185,0.186373,0.00593461,0.194359571428571,0.0305341792862566
"3421109_NF_EG_25_71_S331_L002_R1_001_trim",0.428753,0.446101,0.439138,0.479178,0.425895,0.500236,0.426524,0.010563,0.449403571428571,0.0235044861045989
"3421110_NF_EG_25_72_S332_L002_R1_001_trim",0.367025,0.370221,0.344885,0.410668,0.363557,0.409174,0.377012,0.0106649,0.377506,0.0282509417068868
"3421111_NF_EG_25_73_S333_L002_R1_001_trim",0.378417,0.376524,0.367468,0.425018,0.38331,0.433231,0.371311,0.0112173,0.390754142857143,0.028706797368751
"3421112_NF_EG_25_74_S334_L002_R1_001_trim",0.361081,0.35701,0.337435,0.383052,0.347024,0.405043,0.393929,0.0120908,0.369224857142857,0.0327464409995612
"3421113_NF_EG_25_75_S335_L002_R1_001_trim",0.261101,0.264218,0.262948,0.290377,0.276812,0.298695,0.2656,0.00704788,0.274250142857143,0.0256987286372035
"3421114_NF_EG_25_76_S336_L002_R1_001_trim",0.392477,0.38806,0.377168,0.439475,0.391637,0.45324,0.410355,0.17627,0.407487428571429,0.432577762258748
"3421115_NF_EG_25_77_S337_L002_R1_001_trim",0.262861,0.264438,0.238612,0.300017,0.267128,0.298318,0.256213,0.00677928,0.269655285714286,0.0251405418664146
"3421116_NF_EG_25_78_S338_L002_R1_001_trim",0.327365,0.316927,0.307163,0.362795,0.328099,0.362361,0.329879,0.0085487,0.333512714285714,0.0256323061575292
"3421117_NF_EG_25_79_S339_L002_R1_001_trim",0.394243,0.40203,0.365893,0.440369,0.394106,0.477117,0.420304,0.0106312,0.413437428571429,0.0257141692195952
"3421118_NF_EG_25_80_S340_L002_R1_001_trim",0.2942,0.294831,0.271303,0.333278,0.298142,0.330387,0.303825,0.00871605,0.303709428571429,0.0286986480498747
"3421119_NF_EG_25_81_S341_L002_R1_001_trim",0.495263,0.4861,0.481854,0.524011,0.47582,0.535292,0.488422,0.0114042,0.498108857142857,0.0228949954140833
"3421120_NF_EG_25_82_S342_L002_R1_001_trim",0.609343,0.628343,0.60485,0.661097,0.600059,0.649945,0.651463,0.0136389,0.6293,0.0216731288733513
"3421121_NF_EG_25_83_S343_L002_R1_001_trim",0.315174,0.333028,0.327918,0.364787,0.322793,0.362542,0.317575,0.00942992,0.334831,0.0281632226406754
"3421122_NF_EG_25_84_S344_L002_R1_001_trim",0.455044,0.451198,0.427857,0.478987,0.434191,0.50912,0.497063,0.0145101,0.46478,0.0312192865441714
"3421123_NF_EG_25_85_S345_L002_R1_001_trim",0.493067,0.509997,0.489398,0.558932,0.529107,0.579005,0.517971,0.0151034,0.525353857142857,0.0287490037327222
"3421124_NF_EG_25_86_S346_L002_R1_001_trim",0.279465,0.280137,0.24819,0.304422,0.275579,0.325401,0.279945,0.00762582,0.284734142857143,0.0267822464966066
"3421125_NF_EG_25_87_S347_L002_R1_001_trim",0.383298,0.371674,0.389229,0.434195,0.399306,0.470457,0.400261,0.0102376,0.406917142857143,0.0251589302139432
"3421126_NF_EG_25_88_S348_L002_R1_001_trim",0.396419,0.420702,0.399108,0.457336,0.41406,0.479443,0.425278,0.0102886,0.427478,0.0240681391790923
"3421127_NF_EG_25_89_S349_L002_R1_001_trim",0.39697,0.416031,0.403972,0.432706,0.390976,0.428151,0.414759,0.0111051,0.411937857142857,0.0269581923764507
"3421128_NF_EG_25_90_S350_L002_R1_001_trim",0.405022,0.448494,0.407752,0.46964,0.41718,0.482998,0.43045,0.0118441,0.437362285714286,0.0270807529292486
"3421129_NF_EG_25_91_S351_L002_R1_001_trim",0.401762,0.398193,0.388831,0.456849,0.39609,0.466295,0.406532,0.0128023,0.416364571428571,0.0307478130429651
"3421130_NF_EG_25_92_S352_L002_R1_001_trim",0.435618,0.457017,0.414766,0.507808,0.462159,0.50514,0.467543,0.0132525,0.464293,0.0285433982420584
"3421131_NF_EG_25_93_S353_L002_R1_001_trim",0.305983,0.304868,0.279003,0.333844,0.307474,0.339892,0.313922,0.00839601,0.312140857142857,0.0268981448851389
"3421132_NF_EG_25_94_S354_L002_R1_001_trim",0.400382,0.424404,0.388827,0.482207,0.422291,0.479601,0.432609,0.0102329,0.432903,0.0236378588274972
"3421133_NF_EG_25_95_S355_L002_R1_001_trim",0.295472,0.323366,0.275712,0.337223,0.295439,0.345244,0.315598,0.00726877,0.312579142857143,0.0232541747141524
"3421134_NF_EG_25_96_S356_L002_R1_001_trim",0.428117,0.443014,0.442158,0.471034,0.433225,0.503146,0.432891,0.0110262,0.450512142857143,0.0244748119996766
"3421135_NF_EG_25_97_S357_L002_R1_001_trim",0.334017,0.32145,0.293323,0.34662,0.329936,0.359627,0.327561,0.00863785,0.330362,0.0261466209794105
"3421136_NF_EG_25_98_S358_L002_R1_001_trim",0.392323,0.419077,0.407071,0.452077,0.384278,0.439786,0.395187,0.00955654,0.412828428571429,0.023148938732417
"3421137_NF_EG_25_99_S359_L002_R1_001_trim",0.309079,0.315839,0.28488,0.358061,0.312952,0.346163,0.300248,0.00947158,0.318174571428571,0.0297685008499377
"3421138_NF_EG_25_100_S360_L002_R1_001_trim",0.379456,0.378501,0.347522,0.420626,0.378203,0.425997,0.377896,0.00889411,0.386885857142857,0.0229889768152364
"3421139_NF_EG_25_101_S361_L002_R1_001_trim",0.457263,0.486732,0.477155,0.504511,0.447101,0.528113,0.45515,0.0129923,0.479432142857143,0.0270993511669311
"3421140_NF_EG_25_102_S362_L002_R1_001_trim",0.515373,0.508069,0.480793,0.553386,0.455145,0.560361,0.488382,0.0145634,0.508787,0.0286237659374159
"3421141_NF_EG_25_103_S363_L002_R1_001_trim",0.333876,0.348067,0.31534,0.350152,0.338798,0.365416,0.332935,0.00918971,0.340654857142857,0.0269766005307425
"3421142_NF_EG_25_104_S364_L002_R1_001_trim",0.312026,0.321055,0.29777,0.351078,0.318904,0.365563,0.31683,0.00921415,0.326175142857143,0.0282490870373761
"3421143_NF_EG_25_105_S365_L002_R1_001_trim",0.346595,0.359949,0.334355,0.397256,0.367141,0.423286,0.362845,0.0102197,0.370203857142857,0.0276056010838816
"3421144_NF_EG_25_106_S366_L002_R1_001_trim",0.470518,0.482308,0.449472,0.511818,0.487003,0.561933,0.468818,0.0115191,0.490267142857143,0.0234955578154184
"3421145_NF_EG_25_107_S367_L002_R1_001_trim",0.469127,0.47433,0.477648,0.507843,0.441016,0.537926,0.465881,0.0151606,0.481967285714286,0.0314556619284474
"3421146_NF_EG_25_108_S368_L002_R1_001_trim",0.698233,0.72499,0.664729,0.786228,0.638611,0.784202,0.683837,0.0182146,0.711547142857143,0.0255985849747934
"3421147_NF_EG_25_109_S369_L002_R1_001_trim",0.381638,0.405261,0.405012,0.431194,0.40312,0.436303,0.401453,0.0106272,0.409140142857143,0.0259744739926696
"3421148_NF_EG_25_110_S370_L002_R1_001_trim",0.385449,0.38143,0.370218,0.433696,0.392509,0.447654,0.382694,0.00986261,0.399092857142857,0.0247125695774345
"3421149_NF_EG_25_111_S371_L002_R1_001_trim",0.269332,0.278159,0.247465,0.277439,0.259912,0.307943,0.272826,0.00903283,0.273296571428571,0.0330513842628312
"3421150_NF_EG_25_112_S372_L002_R1_001_trim",0.248774,0.25713,0.228944,0.279533,0.259303,0.303733,0.252739,0.0081984,0.261450857142857,0.031357326916394
"3421151_NF_EG_25_113_S373_L002_R1_001_trim",0.382673,0.38442,0.371751,0.434177,0.393943,0.430044,0.395999,0.0105148,0.399001,0.0263528161583555
"3421152_NF_EG_25_114_S374_L002_R1_001_trim",0.426604,0.456023,0.40945,0.477163,0.429843,0.500089,0.436088,0.0121948,0.447894285714286,0.027226960443472
"3421153_NF_EG_25_115_S375_L002_R1_001_trim",0.429989,0.446451,0.417613,0.488951,0.437557,0.484087,0.439903,0.0101077,0.449221571428571,0.0225004778106636
"3421154_NF_EG_25_116_S376_L002_R1_001_trim",0.281741,0.275354,0.280648,0.297481,0.28189,0.325403,0.290335,0.00827847,0.290407428571429,0.0285063988918032
"3421155_NF_EG_25_117_S377_L002_R1_001_trim",0.303618,0.306327,0.285249,0.323497,0.295858,0.357358,0.299651,0.00892879,0.310222571428571,0.0287818837903478
"3421156_NF_EG_25_118_S378_L002_R1_001_trim",0.404153,0.424363,0.39421,0.450861,0.412409,0.4852,0.416527,0.0101948,0.426817571428571,0.0238856145633313
"3421157_NF_EG_25_119_S379_L002_R1_001_trim",0.36598,0.376638,0.378537,0.426373,0.378093,0.444056,0.387415,0.0113585,0.393870285714286,0.0288381744243573
"3421158_NF_EG_25_120_S380_L002_R1_001_trim",0.407868,0.413349,0.372989,0.459776,0.411748,0.471072,0.434841,0.00950021,0.424520428571429,0.0223786874802929
"3421159_NF_EG_25_121_S381_L002_R1_001_trim",0.284777,0.282719,0.257604,0.319386,0.301075,0.324336,0.298126,0.0087377,0.295431857142857,0.0295760250248667
"3421160_NF_EG_25_122_S382_L002_R1_001_trim",0.481368,0.504508,0.507587,0.54861,0.487538,0.569773,0.498911,0.0121811,0.514042142857143,0.0236966952403847
"3421163_NF_EG_25_123_S385_L002_R1_001_trim",0.579898,0.621774,0.648508,0.677332,0.604315,0.702367,0.628924,0.0148764,0.637588285714286,0.023332298182571
"3421164_NF_EG_25_124_S386_L002_R1_001_trim",0.379955,0.410839,0.388544,0.444757,0.412493,0.459896,0.418924,0.011443,0.416486857142857,0.0274750566644531
"3421165_NF_EG_25_125_S387_L002_R1_001_trim",0.469808,0.476004,0.471101,0.528931,0.476531,0.540568,0.476158,0.0106519,0.491300142857143,0.0216810439705028
"3421166_NF_EG_25_126_S388_L002_R1_001_trim",0.400318,0.403111,0.380521,0.454639,0.429836,0.458423,0.404478,0.0115694,0.418760857142857,0.0276277015930674
"3421167_NF_EG_25_127_S389_L002_R1_001_trim",0.419446,0.399384,0.38272,0.459182,0.398511,0.484761,0.436423,0.0114561,0.425775285714286,0.0269064466266075
"3421168_NF_EG_25_128_S390_L002_R1_001_trim",0.326599,0.313676,0.303247,0.366663,0.332109,0.355888,0.337829,0.00866089,0.333715857142857,0.025952887208151
"3421169_NF_EG_25_129_S391_L002_R1_001_trim",0.394434,0.403462,0.384796,0.447124,0.400171,0.460874,0.417391,0.0118815,0.415464571428571,0.0285981063539198
"3421170_NF_EG_25_130_S392_L002_R1_001_trim",0.331227,0.3356,0.309224,0.379669,0.336447,0.389434,0.342039,0.00906519,0.346234285714286,0.0261822424122394
"3421171_NF_EG_25_131_S393_L002_R1_001_trim",0.407051,0.435855,0.387211,0.465633,0.408743,0.460357,0.40941,0.0108844,0.424894285714286,0.0256167248323953
"3421172_NF_EG_25_132_S394_L002_R1_001_trim",0.256798,0.27565,0.247819,0.284471,0.265809,0.301687,0.275361,0.00764118,0.272513571428571,0.0280396310537614
"3421173_NF_EG_25_133_S395_L002_R1_001_trim",0.371029,0.373801,0.372583,0.408228,0.391893,0.423524,0.376331,0.00894043,0.388198428571429,0.023030567209921
"3421174_NF_EG_25_134_S396_L002_R1_001_trim",0.43199,0.444066,0.422723,0.485572,0.441618,0.502845,0.427302,0.0133607,0.450873714285714,0.0296329095635268
"3421175_NF_EG_25_135_S397_L002_R1_001_trim",0.367013,0.391746,0.386152,0.454253,0.404838,0.453436,0.402102,0.0110443,0.408505714285714,0.0270358519202389
"3421176_NF_EG_25_136_S398_L002_R1_001_trim",0.464438,0.476228,0.47506,0.535385,0.482699,0.513343,0.534066,0.0102725,0.497317,0.020655839233326
"3421177_NF_EG_25_137_S399_L002_R1_001_trim",0.386914,0.404398,0.356417,0.421706,0.383587,0.445575,0.382915,0.184787,0.397358857142857,0.465038080008283
"3421178_NF_EG_25_138_S400_L002_R1_001_trim",0.465945,0.474594,0.461075,0.521639,0.466594,0.549478,0.487218,0.0136284,0.489506142857143,0.0278411215035095
"3421179_NF_EG_25_139_S401_L002_R1_001_trim",0.296766,0.307142,0.29139,0.331484,0.307216,0.342972,0.301942,0.00760906,0.311273142857143,0.0244449615220807
"3421180_NF_EG_25_140_S402_L002_R1_001_trim",0.241719,0.224938,0.224092,0.276264,0.239444,0.264401,0.24725,0.00567927,0.245444,0.0231387607763889
"3421181_NF_EG_25_141_S403_L002_R1_001_trim",0.434743,0.423583,0.398193,0.477632,0.429628,0.488887,0.432011,0.0110113,0.440668142857143,0.0249877377761108
"3421182_NF_EG_25_142_S404_L002_R1_001_trim",0.555433,0.499035,0.507245,0.590834,0.530527,0.636182,0.544504,0.013253,0.551965714285714,0.0240105493094809
"3421183_NF_EG_25_143_S405_L002_R1_001_trim",0.391881,0.414916,0.390996,0.429579,0.390671,0.43344,0.388859,0.0102797,0.405763142857143,0.0253342379192365
"3421184_NF_EG_25_144_S406_L002_R1_001_trim",0.427589,0.442551,0.419786,0.487472,0.445391,0.503391,0.450117,0.011534,0.453756714285714,0.0254189076147476
"3421185_NF_EG_25_145_S407_L002_R1_001_trim",0.401658,0.409082,0.369735,0.436875,0.367238,0.442438,0.407175,0.0102802,0.404885857142857,0.0253903657503473
"3421186_NF_EG_25_146_S408_L002_R1_001_trim",0.31119,0.318924,0.30276,0.342474,0.319319,0.358422,0.323666,0.00734837,0.325250714285714,0.022592940391039
"3421187_NF_EG_25_147_S409_L002_R1_001_trim",0.499017,0.504174,0.485533,0.545529,0.470161,0.551446,0.498878,0.0127807,0.507819714285714,0.0251677901437462
"3421188_NF_EG_25_148_S410_L002_R1_001_trim",0.596115,0.650549,0.595218,0.702527,0.661037,0.720095,0.630237,0.0151618,0.650825428571429,0.0232962624605501
"3421189_NF_EG_25_149_S411_L002_R1_001_trim",0.494505,0.538639,0.516238,0.590009,0.537029,0.598922,0.542423,0.0116844,0.545395,0.0214237387581478
"3421190_NF_EG_25_150_S412_L002_R1_001_trim",0.474364,0.49358,0.463507,0.515001,0.440831,0.537327,0.474341,0.0132045,0.485564428571429,0.027194125481656
"3421191_NF_EG_25_151_S413_L002_R1_001_trim",0.342968,0.340464,0.331825,0.396187,0.344138,0.414665,0.346192,0.00849423,0.359491285714286,0.0236284726154697
"3421192_NF_EG_25_152_S414_L002_R1_001_trim",0.279131,0.292195,0.234792,0.324017,0.294029,0.323933,0.29659,0.008116,0.292098142857143,0.0277851817906604
"3421193_NF_EG_25_153_S415_L002_R1_001_trim",0.364529,0.370746,0.359764,0.423858,0.377089,0.419765,0.397475,0.0117652,0.387603714285714,0.0303536822955404
"3421194_NF_EG_25_154_S416_L002_R1_001_trim",0.355315,0.359988,0.341868,0.398572,0.354408,0.410693,0.361401,0.0105956,0.368892142857143,0.0287227586847879
"3421196_NF_EG_25_155_S418_L002_R1_001_trim",0.46408,0.4995,0.484805,0.516736,0.460785,0.546349,0.467501,0.012105,0.491393714285714,0.0246340147382547
"3421197_NF_EG_25_156_S419_L002_R1_001_trim",0.370049,0.370562,0.384571,0.396401,0.371915,0.430889,0.386955,0.00967129,0.387334571428571,0.0249688272449584
"3421198_NF_EG_25_157_S420_L002_R1_001_trim",0.390785,0.403422,0.396133,0.438246,0.399955,0.474732,0.417061,0.00939337,0.417190571428571,0.0225157773049247
"3421199_NF_EG_25_158_S421_L002_R1_001_trim",0.363962,0.349535,0.352985,0.396333,0.349536,0.380875,0.339665,0.00816814,0.361841571428571,0.0225738020309599
"3421200_NF_EG_25_159_S422_L002_R1_001_trim",0.361206,0.389537,0.355407,0.444962,0.369821,0.448444,0.37534,0.0130835,0.392102428571429,0.0333675566552034
"3421201_NF_EG_25_160_S423_L002_R1_001_trim",0.668392,0.659756,0.63804,0.71243,0.581083,0.720219,0.63366,0.0180352,0.659082857142857,0.0273640860243022
"3421202_NF_EG_25_161_S424_L002_R1_001_trim",0.40199,0.387851,0.383338,0.440731,0.398246,0.473849,0.415743,0.0112617,0.414535428571429,0.0271670386263728
"3421203_NF_EG_25_162_S425_L002_R1_001_trim",0.431687,0.442365,0.426581,0.456122,0.376662,0.477579,0.40951,0.0110401,0.431500857142857,0.0255853489448457
"3421204_NF_EG_25_163_S426_L002_R1_001_trim",0.434067,0.418133,0.417506,0.477397,0.438679,0.496396,0.44486,0.0117379,0.446719714285714,0.0262757600003582
"3421205_NF_EG_25_164_S427_L002_R1_001_trim",0.413086,0.428567,0.399267,0.485384,0.435918,0.47695,0.426128,0.00986424,0.4379,0.0225262388673213
"3421206_NF_EG_25_165_S428_L002_R1_001_trim",0.368978,0.385109,0.355398,0.416019,0.372323,0.413882,0.369633,0.0101519,0.383048857142857,0.0265028854953975
"3421207_NF_EG_25_166_S429_L002_R1_001_trim",0.343491,0.334537,0.323296,0.387062,0.339243,0.396335,0.354654,0.0101014,0.354088285714286,0.0285279135389156
"3421208_NF_EG_25_167_S430_L002_R1_001_trim",0.340297,0.35785,0.329042,0.377657,0.34903,0.393972,0.333753,0.00912477,0.354514428571429,0.0257387831484594
"3421209_NF_EG_25_168_S431_L002_R1_001_trim",0.343703,0.36824,0.335363,0.407979,0.349626,0.413099,0.374798,0.0103172,0.370401142857143,0.0278541257200687
"3421210_NF_EG_25_169_S432_L002_R1_001_trim",0.369162,0.367978,0.34698,0.417979,0.369886,0.428118,0.377134,0.0120731,0.382462428571429,0.0315667608060101
"3421211_NF_EG_25_170_S433_L002_R1_001_trim",0.392575,0.409059,0.403046,0.430498,0.39947,0.464986,0.394254,0.00985796,0.413412571428571,0.0238453319547958
"3421212_NF_EG_25_171_S434_L002_R1_001_trim",0.386822,0.408857,0.410554,0.446584,0.411226,0.493168,0.472523,0.0137462,0.432819142857143,0.0317596858338059
"3421213_NF_EG_25_172_S435_L002_R1_001_trim",0.332085,0.363313,0.338582,0.40646,0.368397,0.424447,0.377923,0.00953326,0.373029571428571,0.0255563116980002
"3421214_NF_EG_25_173_S436_L002_R1_001_trim",0.535666,0.54747,0.561704,0.621162,0.545442,0.6215,0.600436,0.0134122,0.576197142857143,0.0232771025789784
"3421215_NF_EG_25_174_S437_L002_R1_001_trim",0.333057,0.349203,0.318174,0.358674,0.32817,0.369334,0.328697,0.0086681,0.340758428571429,0.0254376686626345
"3421216_NF_EG_25_175_S438_L002_R1_001_trim",0.31433,0.310857,0.30312,0.349892,0.305547,0.342689,0.317263,0.00825589,0.320528285714286,0.0257571339814895
"3421217_NF_EG_25_176_S439_L002_R1_001_trim",0.404045,0.364197,0.346064,0.408899,0.395656,0.4425,0.384747,0.0107233,0.392301142857143,0.0273343582990909
"3421218_NF_EG_25_177_S440_L002_R1_001_trim",0.305923,0.305866,0.295425,0.347018,0.303855,0.355196,0.311931,0.00989031,0.317887714285714,0.0311125896205938
"3421219_NF_EG_25_178_S441_L002_R1_001_trim",0.400616,0.399985,0.402003,0.438756,0.403538,0.482962,0.407424,0.00954001,0.419326285714286,0.0227508036701048
"3421220_NF_EG_25_179_S442_L002_R1_001_trim",0.431298,0.458539,0.420897,0.489002,0.449316,0.466943,0.442435,0.0104017,0.451204285714286,0.0230531941502582
"3421221_NF_EG_25_180_S443_L002_R1_001_trim",0.591628,0.538329,0.5263,0.599249,0.563306,0.637667,0.556717,0.0146027,0.573313714285714,0.025470697170036
"3421222_NF_EG_25_181_S444_L002_R1_001_trim",0.613971,0.606532,0.609268,0.672234,0.596939,0.676248,0.600919,0.0131764,0.625158714285714,0.0210768876749242
"3421223_NF_EG_25_182_S445_L002_R1_001_trim",0.386409,0.400818,0.365697,0.425515,0.400429,0.441799,0.388321,0.0100677,0.401284,0.0250887152241305
"3421224_NF_EG_25_183_S446_L002_R1_001_trim",0.443485,0.45661,0.439714,0.508872,0.459531,0.532769,0.476725,0.0107105,0.473958,0.0225979939150726
"3421225_NF_EG_25_184_S447_L002_R1_001_trim",0.417322,0.43544,0.417481,0.487108,0.424024,0.490604,0.447675,0.010343,0.445664857142857,0.0232080224281282
"3421226_NF_EG_25_185_S448_L002_R1_001_trim",0.384916,0.389936,0.361833,0.43109,0.381851,0.451383,0.367916,0.0111458,0.395560714285714,0.0281772167899094
"3421227_NF_EG_25_186_S449_L002_R1_001_trim",0.308537,0.302289,0.285708,0.349244,0.302065,0.342933,0.301694,0.00753202,0.31321,0.0240478273362919
"3421228_NF_EG_25_187_S450_L002_R1_001_trim",0.657972,0.600233,0.637168,0.673542,0.598922,0.700856,0.653837,0.0192939,0.646075714285714,0.0298632181544401
"3421229_NF_EG_25_188_S451_L002_R1_001_trim",0.441976,0.472708,0.452817,0.501893,0.481153,0.523164,0.477312,0.0111046,0.478717571428571,0.0231965581853661
"3421230_NF_EG_25_189_S452_L002_R1_001_trim",0.500045,0.521411,0.491066,0.553735,0.489755,0.548605,0.514279,0.014673,0.516985142857143,0.0283818601031917
"3421231_NF_EG_25_190_S453_L002_R1_001_trim",0.434911,0.43858,0.427393,0.466543,0.417872,0.497314,0.448999,0.0114547,0.447373142857143,0.0256043532851452
"3421232_NF_EG_25_191_S454_L002_R1_001_trim",0.369843,0.384054,0.344664,0.408953,0.376787,0.432792,0.396486,0.0101768,0.387654142857143,0.0262522668402136
"3421233_NF_EG_25_192_S455_L002_R1_001_trim",0.400753,0.414927,0.38557,0.411385,0.381405,0.448031,0.40722,0.0131703,0.407041571428571,0.032356154566171
"3421234_NF_EG_25_193_S456_L002_R1_001_trim",0.324766,0.315179,0.310127,0.354524,0.318392,0.366524,0.335206,0.00768959,0.332102571428571,0.0231542621513663
"3421235_NF_EG_25_194_S457_L002_R1_001_trim",0.282745,0.283315,0.25874,0.309116,0.2888,0.317376,0.275417,0.00804525,0.287929857142857,0.027941701078983
"3421236_NF_EG_25_195_S458_L002_R1_001_trim",0.24659,0.247652,0.224326,0.279526,0.263405,0.283031,0.262523,0.00812485,0.258150428571429,0.0314733159459075
"3421237_NF_EG_25_196_S459_L002_R1_001_trim",0.337053,0.342417,0.326242,0.385692,0.331293,0.421099,0.340301,0.0105793,0.354871,0.0298116780463887
"3421238_NF_EG_25_197_S460_L002_R1_001_trim",0.326218,0.334128,0.299083,0.367276,0.303866,0.366513,0.317739,0.00973436,0.330689,0.0294366005521804
"3421239_NF_EG_25_198_S461_L002_R1_001_trim",0.326824,0.336864,0.322887,0.363108,0.338668,0.375118,0.350216,0.00845257,0.344812142857143,0.0245135508568848
"3421240_NF_EG_25_199_S462_L002_R1_001_trim",0.274808,0.287567,0.257237,0.312885,0.282087,0.323095,0.278927,0.00811507,0.288086571428571,0.0281688589640217
"3421241_NF_EG_25_200_S463_L002_R1_001_trim",0.413361,0.423617,0.376577,0.458496,0.407761,0.458464,0.43366,0.0108695,0.424562285714286,0.025601661677775
"3421242_NF_EG_25_201_S464_L002_R1_001_trim",0.467375,0.475353,0.450107,0.4991,0.45717,0.554698,0.464739,0.0128396,0.481220285714286,0.0266813357232892
"3421243_NF_EG_25_202_S465_L002_R1_001_trim",0.551252,0.555396,0.529933,0.622027,0.541357,0.63148,0.557211,0.0110976,0.569808,0.0194760340325162
"3421244_NF_EG_25_203_S466_L002_R1_001_trim",0.50395,0.535061,0.533935,0.590059,0.544515,0.611577,0.549581,0.0147938,0.552668285714286,0.0267679553583937
"3421245_NF_EG_25_204_S467_L002_R1_001_trim",0.375301,0.38307,0.370781,0.414814,0.386467,0.434044,0.362534,0.0101268,0.389573,0.025994614616516
"3421246_NF_EG_25_205_S468_L002_R1_001_trim",0.371261,0.383234,0.364052,0.417749,0.381362,0.426139,0.377525,0.0105146,0.388760285714286,0.0270464869647914
"3421247_NF_EG_25_206_S469_L002_R1_001_trim",0.258228,0.265354,0.242022,0.292449,0.267238,0.307701,0.273727,0.0079547,0.272388428571429,0.0292035166167642
"3421248_NF_EG_25_207_S470_L002_R1_001_trim",0.346532,0.365167,0.363488,0.40072,0.381369,0.406136,0.379505,0.00971435,0.377559571428571,0.0257293172657333
"3421249_NF_EG_25_208_S471_L002_R1_001_trim",0.35786,0.362733,0.365485,0.420269,0.369547,0.418711,0.391305,0.011433,0.383701428571429,0.0297966052473836
"3421250_NF_EG_25_209_S472_L002_R1_001_trim",0.270944,0.262761,0.261013,0.292841,0.272839,0.301577,0.26857,0.00814114,0.275792142857143,0.0295191150685428
"3421251_NF_EG_25_210_S473_L002_R1_001_trim",0.443246,0.437023,0.435991,0.480695,0.457394,0.497105,0.436845,0.0096238,0.455471285714286,0.02112932319083
"3421252_NF_EG_25_211_S474_L002_R1_001_trim",0.181248,0.181708,0.166997,0.200934,0.185136,0.208988,0.180661,0.00474452,0.186524571428571,0.0254364342652672
"3421253_NF_EG_25_212_S475_L002_R1_001_trim",0.229816,0.235896,0.210604,0.260026,0.22847,0.265724,0.231107,0.00630585,0.237377571428571,0.0265646411413282
"3421254_NF_EG_25_213_S476_L002_R1_001_trim",0.248883,0.244446,0.228157,0.266963,0.246662,0.279981,0.238009,0.00651836,0.250443,0.0260273195896871
"3421255_NF_EG_25_214_S477_L002_R1_001_trim",0.264208,0.270814,0.258133,0.292448,0.261285,0.306321,0.264587,0.00939454,0.273970857142857,0.0342902894781301
"3421256_NF_EG_25_215_S478_L002_R1_001_trim",0.304629,0.304129,0.29881,0.340802,0.308156,0.33594,0.309913,0.00951022,0.314625571428571,0.0302271044175412
"3421259_NF_EG_25_216_S481_L002_R1_001_trim",0.376188,0.359482,0.344756,0.388554,0.36142,0.397965,0.367334,0.00950556,0.370814142857143,0.0256342973511181
"3421260_NF_EG_25_217_S482_L002_R1_001_trim",0.392535,0.394026,0.365265,0.430486,0.397031,0.444232,0.386836,0.0105748,0.401487285714286,0.0263390657096062
"3421261_NF_EG_25_218_S483_L002_R1_001_trim",0.341284,0.365739,0.364789,0.409252,0.347741,0.406076,0.363023,0.00957446,0.371129142857143,0.0257981896174762
"3421262_NF_EG_25_219_S484_L002_R1_001_trim",0.423423,0.435986,0.450383,0.47765,0.409913,0.491507,0.440418,0.0097602,0.44704,0.0218329455977094
"3421263_NF_EG_25_220_S485_L002_R1_001_trim",0.349639,0.360731,0.337089,0.388764,0.341073,0.403405,0.343783,0.00844931,0.360640571428571,0.023428617491733
"3421264_NF_EG_25_221_S486_L002_R1_001_trim",0.41003,0.414678,0.395861,0.458653,0.413755,0.458887,0.406961,0.0105534,0.422689285714286,0.0249672758611949
"3421265_NF_EG_25_222_S487_L002_R1_001_trim",0.530703,0.506794,0.467896,0.572717,0.517698,0.559344,0.503083,0.0229098,0.522605,0.043837697687546
"3421266_NF_EG_25_223_S488_L002_R1_001_trim",0.399892,0.392961,0.356489,0.453885,0.396346,0.426125,0.38666,0.016225,0.401765428571429,0.0403842611786977
"3421267_NF_EG_25_224_S489_L002_R1_001_trim",0.536267,0.535076,0.522363,0.628538,0.52946,0.62197,0.571303,0.0132122,0.563568142857143,0.0234438375686347
"3421268_NF_EG_25_225_S490_L002_R1_001_trim",0.343106,0.348334,0.328165,0.380322,0.352812,0.398372,0.355421,0.00845048,0.358076,0.0235996827489136
"3421269_NF_EG_25_226_S491_L002_R1_001_trim",0.261209,0.26397,0.233279,0.286317,0.265035,0.293889,0.279393,0.00867834,0.269013142857143,0.0322599108275113
"3421270_NF_EG_25_227_S492_L002_R1_001_trim",0.470177,0.491614,0.453,0.506107,0.475208,0.548184,0.455842,0.0112033,0.485733142857143,0.0230647221931384
"3421271_NF_EG_25_228_S493_L002_R1_001_trim",0.52678,0.543031,0.489008,0.564896,0.485187,0.59168,0.52396,0.0124385,0.532077428571429,0.0233772367179642
"3421272_NF_EG_25_229_S494_L002_R1_001_trim",0.494545,0.493889,0.462023,0.554034,0.487873,0.561841,0.507825,0.0127439,0.508861428571429,0.0250439496579198
"3421273_NF_EG_25_230_S495_L002_R1_001_trim",0.413779,0.419891,0.38319,0.463534,0.427699,0.475353,0.434552,0.0116702,0.431142571428571,0.0270680762545237
"3421274_NF_EG_25_231_S496_L002_R1_001_trim",0.506047,0.516172,0.485208,0.548225,0.486837,0.567284,0.500728,0.0151902,0.515785857142857,0.029450594252709
"3421275_NF_EG_25_232_S497_L002_R1_001_trim",0.348626,0.351106,0.314498,0.395571,0.349883,0.399337,0.356349,0.00977649,0.359338571428571,0.0272069039544878
"3421276_NF_EG_25_233_S498_L002_R1_001_trim",0.429479,0.416618,0.403664,0.451902,0.429175,0.456274,0.442373,0.0104447,0.432783571428571,0.0241337719117276
"3421277_NF_EG_25_234_S499_L002_R1_001_trim",0.408824,0.397636,0.365189,0.427988,0.41017,0.457666,0.418816,0.011093,0.412327,0.0269034043368492
"3421278_NF_EG_25_235_S500_L002_R1_001_trim",0.459087,0.477786,0.449546,0.506644,0.460215,0.526132,0.469635,0.149862,0.478435,0.31323377261279
"3421279_NF_EG_25_236_S501_L002_R1_001_trim",0.335237,0.337798,0.314319,0.381937,0.327152,0.395245,0.346902,0.0107718,0.34837,0.0309205729540431
"3421280_NF_EG_25_237_S502_L002_R1_001_trim",0.458456,0.490278,0.459828,0.517843,0.477058,0.5399,0.484655,0.0114,0.489716857142857,0.0232787575794526
"3421281_NF_EG_25_238_S503_L002_R1_001_trim",0.360191,0.378399,0.305592,0.417064,0.377613,0.423504,0.375492,0.00946949,0.376836428571429,0.0251289134543028
"3421282_NF_EG_25_239_S504_L002_R1_001_trim",0.350532,0.369223,0.360017,0.397309,0.34271,0.393005,0.366642,0.0106233,0.368491142857143,0.0288291868228661
"3421283_NF_EG_25_240_S505_L002_R1_001_trim",0.328988,0.324449,0.328998,0.371642,0.331579,0.380252,0.339581,0.00898465,0.343641285714286,0.0261454323840184
"3421284_NF_EG_25_241_S506_L002_R1_001_trim",0.348227,0.347936,0.320516,0.381494,0.337348,0.387054,0.346808,0.00922369,0.352769,0.0261465434887986
"3421285_NF_EG_25_242_S507_L002_R1_001_trim",0.50411,0.526152,0.484643,0.574369,0.544812,0.600755,0.531597,0.0112638,0.538062571428571,0.0209339965240368
"3421286_NF_EG_25_243_S508_L002_R1_001_trim",0.625241,0.631146,0.589773,0.669461,0.612875,0.742928,0.606778,0.013201,0.639743142857143,0.0206348440735813
"3421287_NF_EG_25_244_S509_L002_R1_001_trim",0.511756,0.539389,0.487266,0.593352,0.512852,0.59673,0.523585,0.0110034,0.537847142857143,0.0204582289710566
"3421288_NF_EG_25_245_S510_L002_R1_001_trim",0.374508,0.394369,0.351747,0.417298,0.372495,0.414494,0.39131,0.00965383,0.388031571428571,0.024878980760402
"3421289_NF_EG_25_246_S511_L002_R1_001_trim",0.415769,0.428554,0.419803,0.474199,0.423086,0.478378,0.421671,0.0125745,0.437351428571429,0.0287514780529551
"3421290_NF_EG_25_247_S512_L002_R1_001_trim",0.37107,0.374948,0.354132,0.417986,0.396459,0.426991,0.366092,0.0105611,0.386811142857143,0.0273029880214708
"3421291_NF_EG_25_248_S513_L002_R1_001_trim",0.39389,0.421303,0.358447,0.450323,0.420143,0.45676,0.41948,0.0108877,0.417192285714286,0.026097558303023
"3421292_NF_EG_25_249_S514_L002_R1_001_trim",0.813052,0.841346,0.842334,0.927837,0.803823,0.911904,0.819307,0.0205005,0.851371857142857,0.0240793724011482
"3421293_NF_EG_25_250_S515_L002_R1_001_trim",0.377185,0.378764,0.369539,0.407733,0.394489,0.44485,0.374643,0.0103007,0.392457571428571,0.0262466588744989
