GO	x	K	GeneRatio	BgRatio	p_value	genes_in_target	p_adjust	significant
GO:0004857	7	142	7/287	142/27058	8.25667486395242e-4	S.CEREALE.LO7.r2.2RG00141980;S.CEREALE.LO7.r2.3RG00214960;S.CEREALE.LO7.r2.3RG00214980;S.CEREALE.LO7.r2.3RG00215170;S.CEREALE.LO7.r2.3RG00215180;S.CEREALE.LO7.r2.4RG00393280;S.CEREALE.LO7.r2.7RG00747880	0.17004766515404304	FALSE
GO:0002098	2	6	2/287	6/27058	0.00163507370340426	S.CEREALE.LO7.r2.6RG00617950;S.CEREALE.LO7.r2.6RG00649230	0.17004766515404304	FALSE
GO:0031072	2	9	2/287	9/27058	0.0038424340219204494	S.CEREALE.LO7.r2.5RG00499660;S.CEREALE.LO7.r2.7RG00684020	0.18385197230640404	FALSE
GO:0051536	4	68	4/287	68/27058	0.005929987671191217	S.CEREALE.LO7.r2.1RG00072470;S.CEREALE.LO7.r2.5RG00449560;S.CEREALE.LO7.r2.5RG00509010;S.CEREALE.LO7.r2.7RG00681170	0.18385197230640404	FALSE
GO:0009073	2	13	2/287	13/27058	0.008095546438622363	S.CEREALE.LO7.r2.4RG00340340;S.CEREALE.LO7.r2.5RG00493020	0.18385197230640404	FALSE
GO:0042500	2	13	2/287	13/27058	0.008095546438622363	S.CEREALE.LO7.r2.3RG00284280;S.CEREALE.LO7.r2.3RG00284300	0.18385197230640404	FALSE
GO:0016758	3	42	3/287	42/27058	0.009991463099143642	S.CEREALE.LO7.r2.5RG00516190;S.CEREALE.LO7.r2.6RG00588190;S.CEREALE.LO7.r2.7RG00711120	0.18385197230640404	FALSE
GO:0046872	9	336	9/287	336/27058	0.010081751074041278	S.CEREALE.LO7.r2.2RG00101650;S.CEREALE.LO7.r2.2RG00178130;S.CEREALE.LO7.r2.3RG00220260;S.CEREALE.LO7.r2.3RG00295410;S.CEREALE.LO7.r2.4RG00385810;S.CEREALE.LO7.r2.5RG00464230;S.CEREALE.LO7.r2.6RG00640080;S.CEREALE.LO7.r2.7RG00670820;S.CEREALE.LO7.r2.7RG00723520	0.18385197230640404	FALSE
GO:0008690	1	1	1/287	1/27058	0.010606844556138695	S.CEREALE.LO7.r2.1RG00074540	0.18385197230640404	FALSE
GO:0003913	1	1	1/287	1/27058	0.010606844556138695	S.CEREALE.LO7.r2.2RG00090220	0.18385197230640404	FALSE
GO:0004151	1	1	1/287	1/27058	0.010606844556138695	S.CEREALE.LO7.r2.3RG00261090	0.18385197230640404	FALSE
GO:0019856	1	1	1/287	1/27058	0.010606844556138695	S.CEREALE.LO7.r2.3RG00261090	0.18385197230640404	FALSE
GO:0006486	3	49	3/287	49/27058	0.015190411710892051	S.CEREALE.LO7.r2.5RG00516190;S.CEREALE.LO7.r2.6RG00588190;S.CEREALE.LO7.r2.7RG00711120	0.19261633716705973	FALSE
GO:0000148	2	19	2/287	19/27058	0.01702156029399156	S.CEREALE.LO7.r2.2RG00184390;S.CEREALE.LO7.r2.6RG00637620	0.19261633716705973	FALSE
GO:0003843	2	19	2/287	19/27058	0.01702156029399156	S.CEREALE.LO7.r2.2RG00184390;S.CEREALE.LO7.r2.6RG00637620	0.19261633716705973	FALSE
GO:0006075	2	19	2/287	19/27058	0.01702156029399156	S.CEREALE.LO7.r2.2RG00184390;S.CEREALE.LO7.r2.6RG00637620	0.19261633716705973	FALSE
GO:0003937	1	2	1/287	2/27058	0.021101571821259713	S.CEREALE.LO7.r2.3RG00292450	0.19261633716705973	FALSE
GO:0004643	1	2	1/287	2/27058	0.021101571821259713	S.CEREALE.LO7.r2.3RG00292450	0.19261633716705973	FALSE
GO:0004819	1	2	1/287	2/27058	0.021101571821259713	S.CEREALE.LO7.r2.2RG00090230	0.19261633716705973	FALSE
GO:0006425	1	2	1/287	2/27058	0.021101571821259713	S.CEREALE.LO7.r2.2RG00090230	0.19261633716705973	FALSE
GO:0003856	1	2	1/287	2/27058	0.021101571821259713	S.CEREALE.LO7.r2.5RG00493020	0.19261633716705973	FALSE
GO:0005975	11	531	11/287	531/27058	0.027157728064344883	S.CEREALE.LO7.r2.2RG00159370;S.CEREALE.LO7.r2.2RG00167850;S.CEREALE.LO7.r2.2RG00180760;S.CEREALE.LO7.r2.3RG00268500;S.CEREALE.LO7.r2.3RG00268990;S.CEREALE.LO7.r2.3RG00274630;S.CEREALE.LO7.r2.4RG00314020;S.CEREALE.LO7.r2.7RG00697060;S.CEREALE.LO7.r2.7RG00720700;S.CEREALE.LO7.r2.7RG00720710;S.CEREALE.LO7.r2.7RG00729750	0.19261633716705973	FALSE
GO:0009654	2	25	2/287	25/27058	0.028646610143290924	S.CEREALE.LO7.r2.2RG00143350;S.CEREALE.LO7.r2.7RG00671400	0.19261633716705973	FALSE
GO:0051082	3	63	3/287	63/27058	0.02940156912870057	S.CEREALE.LO7.r2.5RG00499660;S.CEREALE.LO7.r2.7RG00684020;S.CEREALE.LO7.r2.7RG00710260	0.19261633716705973	FALSE
GO:0010309	1	3	1/287	3/27058	0.031485362806153994	S.CEREALE.LO7.r2.1RG00070730	0.19261633716705973	FALSE
GO:0015377	1	3	1/287	3/27058	0.031485362806153994	S.CEREALE.LO7.r2.7RG00697080	0.19261633716705973	FALSE
GO:0008097	1	3	1/287	3/27058	0.031485362806153994	S.CEREALE.LO7.r2.5RG00499680	0.19261633716705973	FALSE
GO:0004392	1	3	1/287	3/27058	0.031485362806153994	S.CEREALE.LO7.r2.2RG00177430	0.19261633716705973	FALSE
GO:0006788	1	3	1/287	3/27058	0.031485362806153994	S.CEREALE.LO7.r2.2RG00177430	0.19261633716705973	FALSE
GO:0004784	1	3	1/287	3/27058	0.031485362806153994	S.CEREALE.LO7.r2.4RG00385810	0.19261633716705973	FALSE
GO:0004106	1	3	1/287	3/27058	0.031485362806153994	S.CEREALE.LO7.r2.4RG00340340	0.19261633716705973	FALSE
GO:0046417	1	3	1/287	3/27058	0.031485362806153994	S.CEREALE.LO7.r2.4RG00340340	0.19261633716705973	FALSE
GO:0008184	1	3	1/287	3/27058	0.031485362806153994	S.CEREALE.LO7.r2.3RG00274630	0.19261633716705973	FALSE
GO:0004645	1	3	1/287	3/27058	0.031485362806153994	S.CEREALE.LO7.r2.3RG00274630	0.19261633716705973	FALSE
GO:0005839	2	30	2/287	30/27058	0.04013037802633357	S.CEREALE.LO7.r2.5RG00512450;S.CEREALE.LO7.r2.7RG00673040	0.23186440637437172	FALSE
GO:0051603	2	30	2/287	30/27058	0.04013037802633357	S.CEREALE.LO7.r2.5RG00512450;S.CEREALE.LO7.r2.7RG00673040	0.23186440637437172	FALSE
GO:0033588	1	4	1/287	4/27058	0.04175938612438135	S.CEREALE.LO7.r2.6RG00649230	0.23475546794246813	FALSE
GO:0030170	4	124	4/287	124/27058	0.043326539549175556	S.CEREALE.LO7.r2.1RG00039120;S.CEREALE.LO7.r2.3RG00274630;S.CEREALE.LO7.r2.5RG00501370;S.CEREALE.LO7.r2.6RG00640690	0.2353669073422984	FALSE
GO:0006457	3	74	3/287	74/27058	0.04413129512668095	S.CEREALE.LO7.r2.5RG00499660;S.CEREALE.LO7.r2.7RG00684020;S.CEREALE.LO7.r2.7RG00710260	0.2353669073422984	FALSE
GO:0016787	7	308	7/287	308/27058	0.04687174451041291	S.CEREALE.LO7.r2.1RG00052390;S.CEREALE.LO7.r2.3RG00220270;S.CEREALE.LO7.r2.3RG00261090;S.CEREALE.LO7.r2.3RG00280170;S.CEREALE.LO7.r2.5RG00500050;S.CEREALE.LO7.r2.5RG00500060;S.CEREALE.LO7.r2.6RG00627280	0.23631103310734522	FALSE
GO:0000413	2	33	2/287	33/27058	0.047716650915906246	S.CEREALE.LO7.r2.4RG00379910;S.CEREALE.LO7.r2.7RG00723530	0.23631103310734522	FALSE
GO:0006811	2	33	2/287	33/27058	0.047716650915906246	S.CEREALE.LO7.r2.2RG00141940;S.CEREALE.LO7.r2.7RG00697080	0.23631103310734522	FALSE
GO:0003916	1	5	1/287	5/27058	0.051924798121953164	S.CEREALE.LO7.r2.7RG00677810	0.24180299535815042	FALSE
GO:0016042	1	5	1/287	5/27058	0.051924798121953164	S.CEREALE.LO7.r2.4RG00347710	0.24180299535815042	FALSE
GO:0003824	9	451	9/287	451/27058	0.052386187604887245	S.CEREALE.LO7.r2.2RG00180760;S.CEREALE.LO7.r2.3RG00292450;S.CEREALE.LO7.r2.5RG00463690;S.CEREALE.LO7.r2.5RG00501370;S.CEREALE.LO7.r2.5RG00509010;S.CEREALE.LO7.r2.6RG00646590;S.CEREALE.LO7.r2.7RG00678420;S.CEREALE.LO7.r2.7RG00681170;S.CEREALE.LO7.r2.7RG00697060	0.24180299535815042	FALSE
GO:0016020	29	1998	29/287	1998/27058	0.05347566243497558	S.CEREALE.LO7.r2.2RG00141940;S.CEREALE.LO7.r2.2RG00168780;S.CEREALE.LO7.r2.2RG00177730;S.CEREALE.LO7.r2.2RG00184390;S.CEREALE.LO7.r2.3RG00201340;S.CEREALE.LO7.r2.3RG00253400;S.CEREALE.LO7.r2.3RG00260380;S.CEREALE.LO7.r2.3RG00277140;S.CEREALE.LO7.r2.3RG00284280;S.CEREALE.LO7.r2.3RG00284300;S.CEREALE.LO7.r2.4RG00350640;S.CEREALE.LO7.r2.4RG00356010;S.CEREALE.LO7.r2.4RG00363150;S.CEREALE.LO7.r2.4RG00393290;S.CEREALE.LO7.r2.4RG00393300;S.CEREALE.LO7.r2.4RG00397900;S.CEREALE.LO7.r2.4RG00417350;S.CEREALE.LO7.r2.5RG00428770;S.CEREALE.LO7.r2.5RG00431530;S.CEREALE.LO7.r2.5RG00516190;S.CEREALE.LO7.r2.5RG00519080;S.CEREALE.LO7.r2.6RG00583600;S.CEREALE.LO7.r2.6RG00588190;S.CEREALE.LO7.r2.6RG00637620;S.CEREALE.LO7.r2.7RG00671400;S.CEREALE.LO7.r2.7RG00672310;S.CEREALE.LO7.r2.7RG00697080;S.CEREALE.LO7.r2.7RG00711120;S.CEREALE.LO7.r2.7RG00723520	0.24180299535815042	FALSE
GO:0008236	4	134	4/287	134/27058	0.05473356372795088	S.CEREALE.LO7.r2.2RG00140350;S.CEREALE.LO7.r2.3RG00284290;S.CEREALE.LO7.r2.6RG00586290;S.CEREALE.LO7.r2.7RG00723690	0.24222513309391028	FALSE
GO:0016740	3	83	3/287	83/27058	0.058424010482278126	S.CEREALE.LO7.r2.4RG00353580;S.CEREALE.LO7.r2.5RG00463700;S.CEREALE.LO7.r2.6RG00647620	0.24793097202265146	FALSE
GO:0048046	3	84	3/287	84/27058	0.06013144670199058	S.CEREALE.LO7.r2.2RG00159370;S.CEREALE.LO7.r2.2RG00167850;S.CEREALE.LO7.r2.3RG00274540	0.24793097202265146	FALSE
GO:0046373	1	6	1/287	6/27058	0.061982743005662866	S.CEREALE.LO7.r2.7RG00720710	0.24793097202265146	FALSE
GO:0046556	1	6	1/287	6/27058	0.061982743005662866	S.CEREALE.LO7.r2.7RG00720710	0.24793097202265146	FALSE
GO:0030488	1	6	1/287	6/27058	0.061982743005662866	S.CEREALE.LO7.r2.7RG00681170	0.24793097202265146	FALSE
GO:0004252	4	141	4/287	141/27058	0.06359200896040344	S.CEREALE.LO7.r2.2RG00140350;S.CEREALE.LO7.r2.3RG00284290;S.CEREALE.LO7.r2.6RG00586290;S.CEREALE.LO7.r2.7RG00723690	0.24956863893894182	FALSE
GO:0009523	2	41	2/287	41/27058	0.07016328765319348	S.CEREALE.LO7.r2.2RG00143350;S.CEREALE.LO7.r2.7RG00671400	0.27025858947896747	FALSE
GO:0006801	1	7	1/287	7/27058	0.07193435297007833	S.CEREALE.LO7.r2.4RG00385810	0.27204264395956895	FALSE
GO:0004553	7	349	7/287	349/27058	0.07957023433979299	S.CEREALE.LO7.r2.2RG00159370;S.CEREALE.LO7.r2.2RG00167850;S.CEREALE.LO7.r2.2RG00180760;S.CEREALE.LO7.r2.3RG00268500;S.CEREALE.LO7.r2.3RG00268990;S.CEREALE.LO7.r2.4RG00314020;S.CEREALE.LO7.r2.7RG00729750	0.2835065941871312	FALSE
GO:0032508	1	8	1/287	8/27058	0.08178074832321092	S.CEREALE.LO7.r2.4RG00352180	0.2835065941871312	FALSE
GO:0019346	1	8	1/287	8/27058	0.08178074832321092	S.CEREALE.LO7.r2.1RG00039120	0.2835065941871312	FALSE
GO:0006164	1	8	1/287	8/27058	0.08178074832321092	S.CEREALE.LO7.r2.3RG00292450	0.2835065941871312	FALSE
GO:0030151	1	8	1/287	8/27058	0.08178074832321092	S.CEREALE.LO7.r2.5RG00501370	0.2835065941871312	FALSE
GO:0030599	2	47	2/287	47/27058	0.08880419167513123	S.CEREALE.LO7.r2.2RG00115070;S.CEREALE.LO7.r2.2RG00140910	0.2979237398133435	FALSE
GO:0042545	2	47	2/287	47/27058	0.08880419167513123	S.CEREALE.LO7.r2.2RG00115070;S.CEREALE.LO7.r2.2RG00140910	0.2979237398133435	FALSE
GO:0005618	2	49	2/287	49/27058	0.09531063630259361	S.CEREALE.LO7.r2.2RG00159370;S.CEREALE.LO7.r2.2RG00167850	0.30499403616829956	FALSE
GO:0016762	2	49	2/287	49/27058	0.09531063630259361	S.CEREALE.LO7.r2.2RG00159370;S.CEREALE.LO7.r2.2RG00167850	0.30499403616829956	FALSE
GO:0044042	2	49	2/287	49/27058	0.09531063630259361	S.CEREALE.LO7.r2.2RG00159370;S.CEREALE.LO7.r2.2RG00167850	0.30499403616829956	FALSE
GO:0033180	1	10	1/287	10/27058	0.1011623177397376	S.CEREALE.LO7.r2.1RG00053960	0.31881457711917305	FALSE
GO:0016887	6	302	6/287	302/27058	0.10352783094972294	S.CEREALE.LO7.r2.1RG00082910;S.CEREALE.LO7.r2.4RG00309670;S.CEREALE.LO7.r2.6RG00588200;S.CEREALE.LO7.r2.7RG00707230;S.CEREALE.LO7.r2.7RG00710260;S.CEREALE.LO7.r2.7RG00723520	0.3213998333961548	FALSE
GO:0006412	7	376	7/287	376/27058	0.10686776527969379	S.CEREALE.LO7.r2.1RG00054700;S.CEREALE.LO7.r2.2RG00090230;S.CEREALE.LO7.r2.2RG00114060;S.CEREALE.LO7.r2.3RG00260220;S.CEREALE.LO7.r2.5RG00499680;S.CEREALE.LO7.r2.6RG00602240;S.CEREALE.LO7.r2.7RG00729760	0.32376671224638953	FALSE
GO:0031625	1	11	1/287	11/27058	0.11069967409912429	S.CEREALE.LO7.r2.5RG00510070	0.32376671224638953	FALSE
GO:0019829	1	11	1/287	11/27058	0.11069967409912429	S.CEREALE.LO7.r2.7RG00723520	0.32376671224638953	FALSE
GO:0004097	1	11	1/287	11/27058	0.11069967409912429	S.CEREALE.LO7.r2.5RG00534520	0.32376671224638953	FALSE
GO:0015297	3	110	3/287	110/27058	0.11207309270067331	S.CEREALE.LO7.r2.2RG00177730;S.CEREALE.LO7.r2.3RG00201340;S.CEREALE.LO7.r2.5RG00431530	0.32376671224638953	FALSE
GO:0005741	1	12	1/287	12/27058	0.12013618068150134	S.CEREALE.LO7.r2.7RG00681160	0.34230582988701747	FALSE
GO:0042026	1	13	1/287	13/27058	0.1294729002017413	S.CEREALE.LO7.r2.7RG00747890	0.35034676599623543	FALSE
GO:0019773	1	13	1/287	13/27058	0.1294729002017413	S.CEREALE.LO7.r2.7RG00673040	0.35034676599623543	FALSE
GO:0008233	2	59	2/287	59/27058	0.12965359448594885	S.CEREALE.LO7.r2.2RG00152570;S.CEREALE.LO7.r2.2RG00168970	0.35034676599623543	FALSE
GO:0003700	9	547	9/287	547/27058	0.1296956777966833	S.CEREALE.LO7.r2.1RG00070700;S.CEREALE.LO7.r2.1RG00076580;S.CEREALE.LO7.r2.2RG00169260;S.CEREALE.LO7.r2.4RG00323130;S.CEREALE.LO7.r2.4RG00351560;S.CEREALE.LO7.r2.6RG00577750;S.CEREALE.LO7.r2.6RG00583620;S.CEREALE.LO7.r2.6RG00588180;S.CEREALE.LO7.r2.7RG00676010	0.35034676599623543	FALSE
GO:0055085	13	865	13/287	865/27058	0.1326058949440627	S.CEREALE.LO7.r2.2RG00141940;S.CEREALE.LO7.r2.2RG00177730;S.CEREALE.LO7.r2.3RG00201340;S.CEREALE.LO7.r2.3RG00253400;S.CEREALE.LO7.r2.3RG00277140;S.CEREALE.LO7.r2.4RG00350640;S.CEREALE.LO7.r2.4RG00363150;S.CEREALE.LO7.r2.5RG00428770;S.CEREALE.LO7.r2.5RG00431530;S.CEREALE.LO7.r2.5RG00519080;S.CEREALE.LO7.r2.7RG00672310;S.CEREALE.LO7.r2.7RG00681160;S.CEREALE.LO7.r2.7RG00697080	0.35361571985083384	FALSE
GO:0015035	1	14	1/287	14/27058	0.13871088421513023	S.CEREALE.LO7.r2.2RG00140370	0.3593260099370269	FALSE
GO:0003755	2	63	2/287	63/27058	0.14409086449508388	S.CEREALE.LO7.r2.4RG00379910;S.CEREALE.LO7.r2.7RG00723530	0.3593260099370269	FALSE
GO:0016747	3	124	3/287	124/27058	0.145188723026049	S.CEREALE.LO7.r2.2RG00114110;S.CEREALE.LO7.r2.6RG00599580;S.CEREALE.LO7.r2.6RG00631700	0.3593260099370269	FALSE
GO:0016226	1	15	1/287	15/27058	0.14785117323414576	S.CEREALE.LO7.r2.5RG00449560	0.3593260099370269	FALSE
GO:0005096	1	15	1/287	15/27058	0.14785117323414576	S.CEREALE.LO7.r2.1RG00048300	0.3593260099370269	FALSE
GO:0032259	1	15	1/287	15/27058	0.14785117323414576	S.CEREALE.LO7.r2.5RG00508980	0.3593260099370269	FALSE
GO:0070475	1	16	1/287	16/27058	0.15689479684401908	S.CEREALE.LO7.r2.7RG00681170	0.3593260099370269	FALSE
GO:0005315	1	16	1/287	16/27058	0.15689479684401908	S.CEREALE.LO7.r2.7RG00672310	0.3593260099370269	FALSE
GO:0006817	1	16	1/287	16/27058	0.15689479684401908	S.CEREALE.LO7.r2.7RG00672310	0.3593260099370269	FALSE
GO:0006812	2	67	2/287	67/27058	0.15884309012591355	S.CEREALE.LO7.r2.3RG00201340;S.CEREALE.LO7.r2.7RG00723520	0.3593260099370269	FALSE
GO:0015979	2	67	2/287	67/27058	0.15884309012591355	S.CEREALE.LO7.r2.2RG00143350;S.CEREALE.LO7.r2.7RG00671400	0.3593260099370269	FALSE
GO:0015934	1	17	1/287	17/27058	0.16584277381708934	S.CEREALE.LO7.r2.3RG00260220	0.3593260099370269	FALSE
GO:0015018	1	17	1/287	17/27058	0.16584277381708934	S.CEREALE.LO7.r2.3RG00260380	0.3593260099370269	FALSE
GO:0009690	1	17	1/287	17/27058	0.16584277381708934	S.CEREALE.LO7.r2.6RG00646590	0.3593260099370269	FALSE
GO:0019139	1	17	1/287	17/27058	0.16584277381708934	S.CEREALE.LO7.r2.6RG00646590	0.3593260099370269	FALSE
GO:0043039	1	17	1/287	17/27058	0.16584277381708934	S.CEREALE.LO7.r2.2RG00090230	0.3593260099370269	FALSE
GO:0005516	1	17	1/287	17/27058	0.16584277381708934	S.CEREALE.LO7.r2.1RG00048290	0.3593260099370269	FALSE
GO:0016157	1	17	1/287	17/27058	0.16584277381708934	S.CEREALE.LO7.r2.2RG00154170	0.3593260099370269	FALSE
GO:0005985	1	18	1/287	18/27058	0.17469611222596804	S.CEREALE.LO7.r2.2RG00154170	0.36341722273855853	FALSE
GO:0003777	2	72	2/287	72/27058	0.1776486013709428	S.CEREALE.LO7.r2.2RG00143360;S.CEREALE.LO7.r2.7RG00679560	0.36341722273855853	FALSE
GO:0007018	2	72	2/287	72/27058	0.1776486013709428	S.CEREALE.LO7.r2.2RG00143360;S.CEREALE.LO7.r2.7RG00679560	0.36341722273855853	FALSE
GO:0009451	1	19	1/287	19/27058	0.18345580955552232	S.CEREALE.LO7.r2.2RG00106760	0.36341722273855853	FALSE
GO:0009982	1	19	1/287	19/27058	0.18345580955552232	S.CEREALE.LO7.r2.2RG00106760	0.36341722273855853	FALSE
GO:0006265	1	19	1/287	19/27058	0.18345580955552232	S.CEREALE.LO7.r2.7RG00677810	0.36341722273855853	FALSE
GO:0008107	1	19	1/287	19/27058	0.18345580955552232	S.CEREALE.LO7.r2.6RG00583600	0.36341722273855853	FALSE
GO:0042546	1	19	1/287	19/27058	0.18345580955552232	S.CEREALE.LO7.r2.6RG00583600	0.36341722273855853	FALSE
GO:0019898	1	19	1/287	19/27058	0.18345580955552232	S.CEREALE.LO7.r2.2RG00143350	0.36341722273855853	FALSE
GO:0042910	2	75	2/287	75/27058	0.1890912241342251	S.CEREALE.LO7.r2.2RG00177730;S.CEREALE.LO7.r2.5RG00431530	0.37104693037659264	FALSE
GO:0005524	32	2574	32/287	2574/27058	0.19571229255736808	S.CEREALE.LO7.r2.1RG00059450;S.CEREALE.LO7.r2.1RG00066580;S.CEREALE.LO7.r2.1RG00068630;S.CEREALE.LO7.r2.1RG00082910;S.CEREALE.LO7.r2.2RG00090230;S.CEREALE.LO7.r2.2RG00143360;S.CEREALE.LO7.r2.2RG00168980;S.CEREALE.LO7.r2.3RG00214930;S.CEREALE.LO7.r2.4RG00309670;S.CEREALE.LO7.r2.4RG00309910;S.CEREALE.LO7.r2.4RG00318790;S.CEREALE.LO7.r2.4RG00352180;S.CEREALE.LO7.r2.4RG00363150;S.CEREALE.LO7.r2.4RG00363270;S.CEREALE.LO7.r2.5RG00459120;S.CEREALE.LO7.r2.5RG00462460;S.CEREALE.LO7.r2.5RG00515790;S.CEREALE.LO7.r2.5RG00518790;S.CEREALE.LO7.r2.5RG00519080;S.CEREALE.LO7.r2.6RG00546330;S.CEREALE.LO7.r2.6RG00557750;S.CEREALE.LO7.r2.6RG00585790;S.CEREALE.LO7.r2.6RG00588200;S.CEREALE.LO7.r2.6RG00600490;S.CEREALE.LO7.r2.6RG00651850;S.CEREALE.LO7.r2.7RG00679560;S.CEREALE.LO7.r2.7RG00707230;S.CEREALE.LO7.r2.7RG00710260;S.CEREALE.LO7.r2.7RG00723520;S.CEREALE.LO7.r2.7RG00733680;S.CEREALE.LO7.r2.7RG00740190;S.CEREALE.LO7.r2.7RG00747890	0.3795744512083954	FALSE
GO:0140359	3	144	3/287	144/27058	0.19708673428128223	S.CEREALE.LO7.r2.4RG00363150;S.CEREALE.LO7.r2.5RG00519080;S.CEREALE.LO7.r2.6RG00651850	0.3795744512083954	FALSE
GO:0003735	6	374	6/287	374/27058	0.2077351855016434	S.CEREALE.LO7.r2.1RG00054700;S.CEREALE.LO7.r2.2RG00114060;S.CEREALE.LO7.r2.3RG00260220;S.CEREALE.LO7.r2.5RG00499680;S.CEREALE.LO7.r2.6RG00602240;S.CEREALE.LO7.r2.7RG00729760	0.3964120971040535	FALSE
GO:0043565	4	225	4/287	225/27058	0.2172360849553913	S.CEREALE.LO7.r2.1RG00070700;S.CEREALE.LO7.r2.1RG00076580;S.CEREALE.LO7.r2.6RG00577750;S.CEREALE.LO7.r2.7RG00674270	0.410773687915649	FALSE
GO:0008017	2	83	2/287	83/27058	0.2200313509269955	S.CEREALE.LO7.r2.2RG00143360;S.CEREALE.LO7.r2.7RG00679560	0.4123109999352708	FALSE
GO:0001522	1	24	1/287	24/27058	0.2258838647076742	S.CEREALE.LO7.r2.2RG00106760	0.4193807020364889	FALSE
GO:0006351	2	85	2/287	85/27058	0.2278366313948233	S.CEREALE.LO7.r2.1RG00025050;S.CEREALE.LO7.r2.3RG00260210	0.4193807020364889	FALSE
GO:0005506	11	801	11/287	801/27058	0.23277599876684454	S.CEREALE.LO7.r2.2RG00177740;S.CEREALE.LO7.r2.3RG00218390;S.CEREALE.LO7.r2.3RG00227230;S.CEREALE.LO7.r2.3RG00270840;S.CEREALE.LO7.r2.3RG00271050;S.CEREALE.LO7.r2.4RG00383940;S.CEREALE.LO7.r2.5RG00449560;S.CEREALE.LO7.r2.6RG00548580;S.CEREALE.LO7.r2.6RG00630240;S.CEREALE.LO7.r2.6RG00649370;S.CEREALE.LO7.r2.7RG00676180	0.42341942085873285	FALSE
GO:0005992	1	25	1/287	25/27058	0.23410208364785712	S.CEREALE.LO7.r2.5RG00463690	0.42341942085873285	FALSE
GO:1902600	2	88	2/287	88/27058	0.23957875924487698	S.CEREALE.LO7.r2.1RG00053960;S.CEREALE.LO7.r2.3RG00201340	0.42921999588389664	FALSE
GO:0005546	1	26	1/287	26/27058	0.24223335661027567	S.CEREALE.LO7.r2.4RG00360010	0.42921999588389664	FALSE
GO:0140662	2	89	2/287	89/27058	0.2434998053572106	S.CEREALE.LO7.r2.7RG00733680;S.CEREALE.LO7.r2.7RG00747890	0.42921999588389664	FALSE
GO:0071949	1	27	1/287	27/27058	0.2502786002715973	S.CEREALE.LO7.r2.2RG00142350	0.4374617550965735	FALSE
GO:0042393	1	28	1/287	28/27058	0.25823872167746675	S.CEREALE.LO7.r2.2RG00141930	0.4393003223445619	FALSE
GO:0008061	1	29	1/287	29/27058	0.2661146183433404	S.CEREALE.LO7.r2.2RG00147430	0.4393003223445619	FALSE
GO:0046488	1	29	1/287	29/27058	0.2661146183433404	S.CEREALE.LO7.r2.7RG00687810	0.4393003223445619	FALSE
GO:0052742	1	29	1/287	29/27058	0.2661146183433404	S.CEREALE.LO7.r2.7RG00687810	0.4393003223445619	FALSE
GO:0005216	1	29	1/287	29/27058	0.2661146183433404	S.CEREALE.LO7.r2.2RG00141940	0.4393003223445619	FALSE
GO:0016409	1	29	1/287	29/27058	0.2661146183433404	S.CEREALE.LO7.r2.2RG00094090	0.4393003223445619	FALSE
GO:0006887	1	29	1/287	29/27058	0.2661146183433404	S.CEREALE.LO7.r2.4RG00360010	0.4393003223445619	FALSE
GO:0006413	1	30	1/287	30/27058	0.2739071783542717	S.CEREALE.LO7.r2.4RG00420360	0.4450991648256915	FALSE
GO:0000145	1	30	1/287	30/27058	0.2739071783542717	S.CEREALE.LO7.r2.4RG00360010	0.4450991648256915	FALSE
GO:0046983	9	673	9/287	673/27058	0.2870302604320981	S.CEREALE.LO7.r2.2RG00164150;S.CEREALE.LO7.r2.3RG00287980;S.CEREALE.LO7.r2.4RG00304420;S.CEREALE.LO7.r2.4RG00313390;S.CEREALE.LO7.r2.4RG00357100;S.CEREALE.LO7.r2.5RG00504070;S.CEREALE.LO7.r2.6RG00539250;S.CEREALE.LO7.r2.6RG00585700;S.CEREALE.LO7.r2.6RG00598710	0.45578125145236176	FALSE
GO:0004568	1	32	1/287	32/27058	0.2892457941909219	S.CEREALE.LO7.r2.2RG00147430	0.45578125145236176	FALSE
GO:0006032	1	32	1/287	32/27058	0.2892457941909219	S.CEREALE.LO7.r2.2RG00147430	0.45578125145236176	FALSE
GO:0016998	1	32	1/287	32/27058	0.2892457941909219	S.CEREALE.LO7.r2.2RG00147430	0.45578125145236176	FALSE
GO:0008237	1	34	1/287	34/27058	0.3042614889862941	S.CEREALE.LO7.r2.2RG00168970	0.46973388165257307	FALSE
GO:0005840	5	348	5/287	348/27058	0.31035335938235437	S.CEREALE.LO7.r2.1RG00054700;S.CEREALE.LO7.r2.2RG00114060;S.CEREALE.LO7.r2.5RG00499680;S.CEREALE.LO7.r2.6RG00602240;S.CEREALE.LO7.r2.7RG00729760	0.46973388165257307	FALSE
GO:0015078	1	35	1/287	35/27058	0.31165036378872635	S.CEREALE.LO7.r2.1RG00053960	0.46973388165257307	FALSE
GO:0046274	1	35	1/287	35/27058	0.31165036378872635	S.CEREALE.LO7.r2.3RG00274540	0.46973388165257307	FALSE
GO:0052716	1	35	1/287	35/27058	0.31165036378872635	S.CEREALE.LO7.r2.3RG00274540	0.46973388165257307	FALSE
GO:0015935	1	35	1/287	35/27058	0.31165036378872635	S.CEREALE.LO7.r2.2RG00114060	0.46973388165257307	FALSE
GO:0030246	3	186	3/287	186/27058	0.3159031992006773	S.CEREALE.LO7.r2.2RG00180760;S.CEREALE.LO7.r2.5RG00516190;S.CEREALE.LO7.r2.7RG00697060	0.47116959644219697	FALSE
GO:0015276	1	36	1/287	36/27058	0.31896103786609153	S.CEREALE.LO7.r2.4RG00356010	0.47116959644219697	FALSE
GO:0006511	3	188	3/287	188/27058	0.3216951436318712	S.CEREALE.LO7.r2.4RG00355040;S.CEREALE.LO7.r2.5RG00510070;S.CEREALE.LO7.r2.7RG00673040	0.47116959644219697	FALSE
GO:0016746	3	189	3/287	189/27058	0.3245915021668777	S.CEREALE.LO7.r2.2RG00114110;S.CEREALE.LO7.r2.5RG00464240;S.CEREALE.LO7.r2.6RG00599580	0.47116959644219697	FALSE
GO:0046961	1	37	1/287	37/27058	0.32619433599844405	S.CEREALE.LO7.r2.1RG00053960	0.47116959644219697	FALSE
GO:0008610	1	37	1/287	37/27058	0.32619433599844405	S.CEREALE.LO7.r2.6RG00630240	0.47116959644219697	FALSE
GO:0005634	4	275	4/287	275/27058	0.33394196150061467	S.CEREALE.LO7.r2.1RG00082920;S.CEREALE.LO7.r2.1RG00084940;S.CEREALE.LO7.r2.6RG00585790;S.CEREALE.LO7.r2.6RG00588180	0.47903398615260584	FALSE
GO:0006367	1	40	1/287	40/27058	0.34743809303896256	S.CEREALE.LO7.r2.3RG00202650	0.48501425068526316	FALSE
GO:0015079	1	40	1/287	40/27058	0.34743809303896256	S.CEREALE.LO7.r2.4RG00397900	0.48501425068526316	FALSE
GO:0071805	1	40	1/287	40/27058	0.34743809303896256	S.CEREALE.LO7.r2.4RG00397900	0.48501425068526316	FALSE
GO:0003743	1	40	1/287	40/27058	0.34743809303896256	S.CEREALE.LO7.r2.4RG00420360	0.48501425068526316	FALSE
GO:0008374	1	41	1/287	41/27058	0.3543699631736069	S.CEREALE.LO7.r2.6RG00640290	0.49139301560073495	FALSE
GO:0003899	1	43	1/287	43/27058	0.36801433673218076	S.CEREALE.LO7.r2.1RG00025050	0.506933655895984	FALSE
GO:0010181	1	45	1/287	45/27058	0.3813713414773331	S.CEREALE.LO7.r2.5RG00509010	0.5218765725479295	FALSE
GO:0016579	1	46	1/287	46/27058	0.38794397039659434	S.CEREALE.LO7.r2.2RG00129670	0.5274009532188996	FALSE
GO:0015267	1	47	1/287	47/27058	0.3944470090644522	S.CEREALE.LO7.r2.4RG00350640	0.5327595966584808	FALSE
GO:0004497	9	749	9/287	749/27058	0.399526967681862	S.CEREALE.LO7.r2.2RG00177740;S.CEREALE.LO7.r2.3RG00218390;S.CEREALE.LO7.r2.3RG00227230;S.CEREALE.LO7.r2.3RG00270840;S.CEREALE.LO7.r2.3RG00271050;S.CEREALE.LO7.r2.4RG00383940;S.CEREALE.LO7.r2.6RG00548580;S.CEREALE.LO7.r2.6RG00649370;S.CEREALE.LO7.r2.7RG00676180	0.5345082556607023	FALSE
GO:0005215	1	48	1/287	48/27058	0.4008811917455267	S.CEREALE.LO7.r2.7RG00723520	0.5345082556607023	FALSE
GO:0006355	14	1209	14/287	1209/27058	0.4069774031518655	S.CEREALE.LO7.r2.1RG00070700;S.CEREALE.LO7.r2.1RG00076580;S.CEREALE.LO7.r2.2RG00141930;S.CEREALE.LO7.r2.2RG00143340;S.CEREALE.LO7.r2.2RG00169260;S.CEREALE.LO7.r2.2RG00183310;S.CEREALE.LO7.r2.4RG00323130;S.CEREALE.LO7.r2.4RG00351560;S.CEREALE.LO7.r2.5RG00520960;S.CEREALE.LO7.r2.6RG00577750;S.CEREALE.LO7.r2.6RG00583620;S.CEREALE.LO7.r2.6RG00585790;S.CEREALE.LO7.r2.7RG00674270;S.CEREALE.LO7.r2.7RG00676010	0.5345486682135935	FALSE
GO:0016705	9	754	9/287	754/27058	0.4070738361199825	S.CEREALE.LO7.r2.2RG00177740;S.CEREALE.LO7.r2.3RG00218390;S.CEREALE.LO7.r2.3RG00227230;S.CEREALE.LO7.r2.3RG00270840;S.CEREALE.LO7.r2.3RG00271050;S.CEREALE.LO7.r2.4RG00383940;S.CEREALE.LO7.r2.6RG00548580;S.CEREALE.LO7.r2.6RG00649370;S.CEREALE.LO7.r2.7RG00676180	0.5345486682135935	FALSE
GO:0008757	5	395	5/287	395/27058	0.4086213377209681	S.CEREALE.LO7.r2.4RG00314030;S.CEREALE.LO7.r2.5RG00508980;S.CEREALE.LO7.r2.6RG00553430;S.CEREALE.LO7.r2.6RG00598710;S.CEREALE.LO7.r2.6RG00606220	0.5345486682135935	FALSE
GO:0009055	2	137	2/287	137/27058	0.4275737873947004	S.CEREALE.LO7.r2.4RG00352190;S.CEREALE.LO7.r2.5RG00499670	0.5558459236131106	FALSE
GO:0004843	1	54	1/287	54/27058	0.4380804682653495	S.CEREALE.LO7.r2.2RG00129670	0.5659673130384639	FALSE
GO:0016830	1	59	1/287	59/27058	0.46731513700002625	S.CEREALE.LO7.r2.6RG00640690	0.6000095586173176	FALSE
GO:0019752	1	60	1/287	60/27058	0.47297758952348967	S.CEREALE.LO7.r2.6RG00640690	0.6008064820407029	FALSE
GO:0008168	2	150	2/287	150/27058	0.4737128031474772	S.CEREALE.LO7.r2.5RG00508980;S.CEREALE.LO7.r2.6RG00606220	0.6008064820407029	FALSE
GO:0008194	4	340	4/287	340/27058	0.48761731847379564	S.CEREALE.LO7.r2.1RG00061120;S.CEREALE.LO7.r2.2RG00106750;S.CEREALE.LO7.r2.5RG00507020;S.CEREALE.LO7.r2.5RG00507030	0.6098106216446186	FALSE
GO:0017148	1	63	1/287	63/27058	0.48960756641659287	S.CEREALE.LO7.r2.6RG00623480	0.6098106216446186	FALSE
GO:0030598	1	63	1/287	63/27058	0.48960756641659287	S.CEREALE.LO7.r2.6RG00623480	0.6098106216446186	FALSE
GO:0005737	3	255	3/287	255/27058	0.5092653818926368	S.CEREALE.LO7.r2.2RG00090230;S.CEREALE.LO7.r2.4RG00355040;S.CEREALE.LO7.r2.5RG00493020	0.6305190442480265	FALSE
GO:0004386	1	69	1/287	69/27058	0.5213149672042383	S.CEREALE.LO7.r2.2RG00153690	0.6390148631641013	FALSE
GO:0005509	3	260	3/287	260/27058	0.5222717631629673	S.CEREALE.LO7.r2.1RG00014280;S.CEREALE.LO7.r2.2RG00143350;S.CEREALE.LO7.r2.5RG00481810	0.6390148631641013	FALSE
GO:0048544	2	167	2/287	167/27058	0.5305354679420393	S.CEREALE.LO7.r2.1RG00066580;S.CEREALE.LO7.r2.2RG00168980	0.6426736358839297	FALSE
GO:0016702	1	71	1/287	71/27058	0.5314416604424803	S.CEREALE.LO7.r2.7RG00670820	0.6426736358839297	FALSE
GO:0006629	2	169	2/287	169/27058	0.5369419502234838	S.CEREALE.LO7.r2.4RG00347710;S.CEREALE.LO7.r2.6RG00640290	0.6455718245461539	FALSE
GO:0006418	1	78	1/287	78/27058	0.5652329675108423	S.CEREALE.LO7.r2.2RG00090230	0.6756807887485932	FALSE
GO:0008171	1	80	1/287	80/27058	0.5744336170237156	S.CEREALE.LO7.r2.6RG00598710	0.6827553848053306	FALSE
GO:0004812	1	86	1/287	86/27058	0.6008875393524504	S.CEREALE.LO7.r2.2RG00090230	0.7101398192347141	FALSE
GO:0004185	1	92	1/287	92/27058	0.6257024142544586	S.CEREALE.LO7.r2.5RG00477910	0.7311578773310528	FALSE
GO:0005507	1	92	1/287	92/27058	0.6257024142544586	S.CEREALE.LO7.r2.3RG00274540	0.7311578773310528	FALSE
GO:0020037	11	1108	11/287	1108/27058	0.6313108235343341	S.CEREALE.LO7.r2.1RG00060130;S.CEREALE.LO7.r2.2RG00177740;S.CEREALE.LO7.r2.3RG00210620;S.CEREALE.LO7.r2.3RG00218390;S.CEREALE.LO7.r2.3RG00227230;S.CEREALE.LO7.r2.3RG00270840;S.CEREALE.LO7.r2.3RG00271050;S.CEREALE.LO7.r2.4RG00383940;S.CEREALE.LO7.r2.6RG00548580;S.CEREALE.LO7.r2.6RG00649370;S.CEREALE.LO7.r2.7RG00676180	0.7321917598936633	FALSE
GO:0003690	1	94	1/287	94/27058	0.6336274845233625	S.CEREALE.LO7.r2.5RG00520960	0.7321917598936633	FALSE
GO:0003723	6	617	6/287	617/27058	0.641129556833528	S.CEREALE.LO7.r2.1RG00071320;S.CEREALE.LO7.r2.2RG00101650;S.CEREALE.LO7.r2.2RG00106760;S.CEREALE.LO7.r2.3RG00259200;S.CEREALE.LO7.r2.7RG00686460;S.CEREALE.LO7.r2.7RG00707220	0.7367676675214023	FALSE
GO:0006281	1	100	1/287	100/27058	0.6564133281170279	S.CEREALE.LO7.r2.2RG00090220	0.7460872800455836	FALSE
GO:0006633	1	100	1/287	100/27058	0.6564133281170279	S.CEREALE.LO7.r2.2RG00114110	0.7460872800455836	FALSE
GO:0005525	2	216	2/287	216/27058	0.6698723376716788	S.CEREALE.LO7.r2.1RG00048850;S.CEREALE.LO7.r2.4RG00312390	0.7566238777156461	FALSE
GO:0007275	1	105	1/287	105/27058	0.6743187719062234	S.CEREALE.LO7.r2.4RG00355040	0.7566238777156461	FALSE
GO:0022857	4	433	4/287	433/27058	0.6765963521880297	S.CEREALE.LO7.r2.3RG00277140;S.CEREALE.LO7.r2.5RG00428770;S.CEREALE.LO7.r2.7RG00672310;S.CEREALE.LO7.r2.7RG00697080	0.7566238777156461	FALSE
GO:0030247	2	231	2/287	231/27058	0.7052678905078642	S.CEREALE.LO7.r2.1RG00014280;S.CEREALE.LO7.r2.6RG00625930	0.7844690974632929	FALSE
GO:0009733	1	116	1/287	116/27058	0.7105046551278251	S.CEREALE.LO7.r2.7RG00734150	0.7860902567371683	FALSE
GO:0016788	2	247	2/287	247/27058	0.7394897142461307	S.CEREALE.LO7.r2.3RG00258800;S.CEREALE.LO7.r2.4RG00364710	0.8138299500698158	FALSE
GO:0004672	19	2030	19/287	2030/27058	0.7473361771733744	S.CEREALE.LO7.r2.1RG00007560;S.CEREALE.LO7.r2.1RG00007570;S.CEREALE.LO7.r2.1RG00014280;S.CEREALE.LO7.r2.1RG00059450;S.CEREALE.LO7.r2.1RG00066580;S.CEREALE.LO7.r2.1RG00068630;S.CEREALE.LO7.r2.2RG00168980;S.CEREALE.LO7.r2.3RG00214930;S.CEREALE.LO7.r2.4RG00309910;S.CEREALE.LO7.r2.4RG00356590;S.CEREALE.LO7.r2.4RG00363270;S.CEREALE.LO7.r2.5RG00459120;S.CEREALE.LO7.r2.5RG00462460;S.CEREALE.LO7.r2.5RG00515790;S.CEREALE.LO7.r2.5RG00518790;S.CEREALE.LO7.r2.6RG00600490;S.CEREALE.LO7.r2.6RG00625930;S.CEREALE.LO7.r2.6RG00649220;S.CEREALE.LO7.r2.7RG00740190	0.8146671845760747	FALSE
GO:0006468	19	2031	19/287	2031/27058	0.748083808913607	S.CEREALE.LO7.r2.1RG00007560;S.CEREALE.LO7.r2.1RG00007570;S.CEREALE.LO7.r2.1RG00014280;S.CEREALE.LO7.r2.1RG00059450;S.CEREALE.LO7.r2.1RG00066580;S.CEREALE.LO7.r2.1RG00068630;S.CEREALE.LO7.r2.2RG00168980;S.CEREALE.LO7.r2.3RG00214930;S.CEREALE.LO7.r2.4RG00309910;S.CEREALE.LO7.r2.4RG00356590;S.CEREALE.LO7.r2.4RG00363270;S.CEREALE.LO7.r2.5RG00459120;S.CEREALE.LO7.r2.5RG00462460;S.CEREALE.LO7.r2.5RG00515790;S.CEREALE.LO7.r2.5RG00518790;S.CEREALE.LO7.r2.6RG00600490;S.CEREALE.LO7.r2.6RG00625930;S.CEREALE.LO7.r2.6RG00649220;S.CEREALE.LO7.r2.7RG00740190	0.8146671845760747	FALSE
GO:0009058	1	133	1/287	133/27058	0.7587048979973934	S.CEREALE.LO7.r2.5RG00532110	0.8219303061638428	FALSE
GO:0043531	8	932	8/287	932/27058	0.7754300749908822	S.CEREALE.LO7.r2.1RG00071310;S.CEREALE.LO7.r2.3RG00293580;S.CEREALE.LO7.r2.3RG00293590;S.CEREALE.LO7.r2.4RG00342150;S.CEREALE.LO7.r2.5RG00492180;S.CEREALE.LO7.r2.5RG00509240;S.CEREALE.LO7.r2.6RG00611610;S.CEREALE.LO7.r2.6RG00640910	0.83569666113007	FALSE
GO:0000166	1	156	1/287	156/27058	0.8114353520775774	S.CEREALE.LO7.r2.2RG00090230	0.8699925424336913	FALSE
GO:0005515	53	5551	53/287	5551/27058	0.8253235161340218	S.CEREALE.LO7.r2.1RG00007560;S.CEREALE.LO7.r2.1RG00007570;S.CEREALE.LO7.r2.1RG00048860;S.CEREALE.LO7.r2.1RG00067680;S.CEREALE.LO7.r2.1RG00070720;S.CEREALE.LO7.r2.1RG00079640;S.CEREALE.LO7.r2.2RG00100120;S.CEREALE.LO7.r2.2RG00125580;S.CEREALE.LO7.r2.2RG00129670;S.CEREALE.LO7.r2.2RG00131440;S.CEREALE.LO7.r2.2RG00141940;S.CEREALE.LO7.r2.2RG00142350;S.CEREALE.LO7.r2.2RG00168970;S.CEREALE.LO7.r2.2RG00188310;S.CEREALE.LO7.r2.3RG00202630;S.CEREALE.LO7.r2.3RG00214930;S.CEREALE.LO7.r2.3RG00215790;S.CEREALE.LO7.r2.3RG00220250;S.CEREALE.LO7.r2.3RG00271870;S.CEREALE.LO7.r2.3RG00280160;S.CEREALE.LO7.r2.3RG00292460;S.CEREALE.LO7.r2.4RG00300680;S.CEREALE.LO7.r2.4RG00340870;S.CEREALE.LO7.r2.4RG00356590;S.CEREALE.LO7.r2.4RG00366080;S.CEREALE.LO7.r2.4RG00375070;S.CEREALE.LO7.r2.4RG00389610;S.CEREALE.LO7.r2.5RG00431870;S.CEREALE.LO7.r2.5RG00437020;S.CEREALE.LO7.r2.5RG00459120;S.CEREALE.LO7.r2.5RG00490690;S.CEREALE.LO7.r2.5RG00504240;S.CEREALE.LO7.r2.5RG00504360;S.CEREALE.LO7.r2.5RG00509020;S.CEREALE.LO7.r2.5RG00520940;S.CEREALE.LO7.r2.6RG00548250;S.CEREALE.LO7.r2.6RG00548260;S.CEREALE.LO7.r2.6RG00548590;S.CEREALE.LO7.r2.6RG00553430;S.CEREALE.LO7.r2.6RG00622470;S.CEREALE.LO7.r2.6RG00622490;S.CEREALE.LO7.r2.6RG00625900;S.CEREALE.LO7.r2.6RG00631690;S.CEREALE.LO7.r2.6RG00636040;S.CEREALE.LO7.r2.6RG00636410;S.CEREALE.LO7.r2.6RG00645470;S.CEREALE.LO7.r2.7RG00664530;S.CEREALE.LO7.r2.7RG00670820;S.CEREALE.LO7.r2.7RG00679560;S.CEREALE.LO7.r2.7RG00695130;S.CEREALE.LO7.r2.7RG00695280;S.CEREALE.LO7.r2.7RG00707220;S.CEREALE.LO7.r2.7RG00738860	0.8803450838762898	FALSE
GO:0046982	2	308	2/287	308/27058	0.8404350935040007	S.CEREALE.LO7.r2.3RG00227240;S.CEREALE.LO7.r2.7RG00723900	0.8918903033103681	FALSE
GO:0016757	1	182	1/287	182/27058	0.8573429898267799	S.CEREALE.LO7.r2.2RG00154170	0.902540876221326	FALSE
GO:0003677	16	1900	16/287	1900/27058	0.8618114213250628	S.CEREALE.LO7.r2.1RG00018600;S.CEREALE.LO7.r2.1RG00025050;S.CEREALE.LO7.r2.2RG00125580;S.CEREALE.LO7.r2.2RG00143340;S.CEREALE.LO7.r2.2RG00169260;S.CEREALE.LO7.r2.2RG00171150;S.CEREALE.LO7.r2.2RG00183310;S.CEREALE.LO7.r2.3RG00260210;S.CEREALE.LO7.r2.4RG00313390;S.CEREALE.LO7.r2.4RG00351560;S.CEREALE.LO7.r2.4RG00352180;S.CEREALE.LO7.r2.6RG00583620;S.CEREALE.LO7.r2.7RG00674270;S.CEREALE.LO7.r2.7RG00676010;S.CEREALE.LO7.r2.7RG00677810;S.CEREALE.LO7.r2.7RG00723900	0.902540876221326	FALSE
GO:0006979	2	331	2/287	331/27058	0.8682629617317246	S.CEREALE.LO7.r2.1RG00060130;S.CEREALE.LO7.r2.3RG00210620	0.902540876221326	FALSE
GO:0050660	1	191	1/287	191/27058	0.8704840719843369	S.CEREALE.LO7.r2.6RG00646590	0.902540876221326	FALSE
GO:0016491	3	464	3/287	464/27058	0.872166904425416	S.CEREALE.LO7.r2.3RG00274540;S.CEREALE.LO7.r2.5RG00534520;S.CEREALE.LO7.r2.6RG00630240	0.902540876221326	FALSE
GO:0004601	2	341	2/287	341/27058	0.8789161715865453	S.CEREALE.LO7.r2.1RG00060130;S.CEREALE.LO7.r2.3RG00210620	0.9050225925247596	FALSE
GO:0006508	8	1199	8/287	1199/27058	0.9424899552590466	S.CEREALE.LO7.r2.2RG00140350;S.CEREALE.LO7.r2.2RG00152570;S.CEREALE.LO7.r2.3RG00231050;S.CEREALE.LO7.r2.3RG00284290;S.CEREALE.LO7.r2.5RG00477910;S.CEREALE.LO7.r2.6RG00586290;S.CEREALE.LO7.r2.7RG00723690;S.CEREALE.LO7.r2.7RG00738850	0.9657039935659197	FALSE
GO:0008270	6	995	6/287	995/27058	0.9548864818327143	S.CEREALE.LO7.r2.2RG00176140;S.CEREALE.LO7.r2.3RG00202630;S.CEREALE.LO7.r2.3RG00215810;S.CEREALE.LO7.r2.5RG00509020;S.CEREALE.LO7.r2.7RG00677810;S.CEREALE.LO7.r2.7RG00720690	0.9736097461823753	FALSE
GO:0008234	2	815	2/287	815/27058	0.998528066535104	S.CEREALE.LO7.r2.3RG00231050;S.CEREALE.LO7.r2.7RG00738850	0.9999633381670048	FALSE
GO:0003676	10	2122	10/287	2122/27058	0.9992645524626671	S.CEREALE.LO7.r2.1RG00071320;S.CEREALE.LO7.r2.1RG00084940;S.CEREALE.LO7.r2.2RG00101650;S.CEREALE.LO7.r2.3RG00215810;S.CEREALE.LO7.r2.3RG00259200;S.CEREALE.LO7.r2.4RG00318790;S.CEREALE.LO7.r2.6RG00546330;S.CEREALE.LO7.r2.6RG00624640;S.CEREALE.LO7.r2.7RG00686460;S.CEREALE.LO7.r2.7RG00707220	0.9999633381670048	FALSE
GO:0008408	1	937	1/287	937/27058	0.9999616815565724	S.CEREALE.LO7.r2.6RG00624640	0.9999633381670048	FALSE
GO:0006139	1	941	1/287	941/27058	0.9999633381670048	S.CEREALE.LO7.r2.6RG00624640	0.9999633381670048	FALSE
