GENE_ID,key,EFFECT,description,IMPACT,AA_POS,HGVS_P,ALT_FREQ_gen0,ALT_FREQ_gen1_Control,ALT_FREQ_gen2_Control,ALT_FREQ_gen3_Control,ALT_FREQ_gen1_ND,ALT_FREQ_gen2_ND,ALT_FREQ_gen3_ND,Delta_gen1_gen3_Control,Delta_gen1_gen3_ND,Delta_diff_Control_vs_ND_gen1_gen3,p_treatment_diff_empirical,p_treatment_diff_BH,SIG_treatment_diff
S.CEREALE.LO7.r2.1RG00033950,chr1R_357166626_C_G,missense_variant,uniref100 protein eceriferum n=2 tax=arabidopsis thaliana taxid=3702 arath,MODERATE,282/619,p.Glu282Asp,"0,151757188498403","0,15814696485623",125,"0,101895734597156","0,157467532467533","0,13135593220339","0,0765765765765766","-0,0562512302590736","-0,0808909558909559","0,0246397256318823",0.372486275137249,0.495942900419481,FALSE
S.CEREALE.LO7.r2.1RG00037490,chr1R_413702519_C_G,missense_variant,unknown protein,MODERATE,260/626,p.Ala260Gly,"0,0493827160493827","0,0420289855072464","0,036231884057971","0,0265486725663717","0,056379821958457","0,0266393442622951","0,0158371040723982","-0,0154803129408747","-0,0405427178860588","0,0250624049451841",0.0573794262057379,0.122607102196455,FALSE
S.CEREALE.LO7.r2.1RG00072740,chr1R_722223106_G_A,missense_variant,uniref100 f box repeat protein n=1 tax=arabidopsis thaliana taxid=3702 arath,MODERATE,349/444,p.Arg349Gln,"0,0123076923076923","0,0202898550724638","0,0122549019607843","0,00221238938053097","0,056379821958457","0,016260162601626","0,00675675675675676","-0,0180774656919328","-0,0496230652017002","0,0315455995097674",0.352216477835222,0.478932657481936,FALSE
S.CEREALE.LO7.r2.2RG00088990,chr2R_38243911_C_A,missense_variant,unknown protein,MODERATE,88/197,p.Gln88His,"0,17515923566879","0,219626168224299","0,220588235294118","0,182692307692308","0,228295819935691","0,179166666666667","0,139150943396226","-0,0369338605319914","-0,0891448765394649","0,0522110160074735",0.0992090079099209,0.19131038826598,FALSE
S.CEREALE.LO7.r2.2RG00167060,chr2R_893774982_G_C,missense_variant,uniref100 disease resistance protein rpp n=3 tax=arabidopsis thaliana taxid=3702 arath,MODERATE,60/908,p.Thr60Ser,0,"0,0014792899408284","0,00478468899521531","0,0021551724137931","0,0140562248995984",0,0,"0,0006758824729647","-0,0140562248995984","0,0147321073725631",1.29998700013e-4,5.5053666330806e-4,TRUE
S.CEREALE.LO7.r2.2RG00167580,chr2R_895508056_A_C,missense_variant,unknown protein,MODERATE,164/220,p.Val164Gly,"0,0162721893491124","0,0112044817927171",0,0,"0,0185185185185185",0,0,"-0,0112044817927171","-0,0185185185185185","0,00731403672580143",0.184128158718413,0.302434802754776,FALSE
S.CEREALE.LO7.r2.2RG00168290,chr2R_899191732_G_A,missense_variant,uniref100 golgin candidate n=1 tax=arabidopsis thaliana taxid=3702 arath,MODERATE,491/509,p.Pro491Ser,"0,566568047337278","0,551428571428571","0,566666666666667","0,554112554112554","0,59472049689441","0,530120481927711","0,456140350877193","0,00268398268398273","-0,138580146017217","0,1412641287012",0.003749962500375,0.0118748812511875,TRUE
S.CEREALE.LO7.r2.2RG00188450,chr2R_989559741_C_T,missense_variant,uniref100 peroxidase n=1 tax=arabidopsis thaliana taxid=3702 arath,MODERATE,9/337,p.Met9Ile,"0,00149253731343284","0,0164835164835165",0,0,"0,0204678362573099",0,0,"-0,0164835164835165","-0,0204678362573099","0,00398431977379346",0.382906170938291,0.503145865737604,FALSE
S.CEREALE.LO7.r2.3RG00199330,chr3R_88514603_G_A,missense_variant,unknown protein,MODERATE,67/180,p.Val67Met,"0,0106060606060606","0,00920245398773006",0,"0,00242718446601942","0,0171875",0,0,"-0,00677526952171065","-0,0171875","0,0104122304782894",0.01349986500135,0.035678214646425,TRUE
S.CEREALE.LO7.r2.3RG00237120,chr3R_337406249_G_C,missense_variant,o48522 vq motif containing protein n=2 tax=arabidopsis thaliana taxid=3702 arath,MODERATE,178/209,p.Gln178Glu,"0,305471124620061","0,312684365781711","0,370192307692308","0,328703703703704","0,312297734627832",288,"0,183720930232558","0,0160193379219928","-0,128576804395274","0,144596142317266",5.09994900051e-4,0.00195916073626149,TRUE
S.CEREALE.LO7.r2.3RG00271130,chr3R_898232410_A_T,missense_variant,uniref100 disease resistance protein rrs n=1 tax=arabidopsis thaliana taxid=3702 arath,MODERATE,329/348,p.Ser329Cys,"0,0170278637770898","0,0138036809815951",0,0,"0,0229357798165138","0,00220264317180617",0,"-0,0138036809815951","-0,0229357798165138","0,00913209883491867",0.002339976600234,0.00790867091329087,TRUE
S.CEREALE.LO7.r2.4RG00346200,chr4R_606933961_G_C,missense_variant,uniref100 nuclear transcription factor y subunit b 10 n=2 tax=arabidopsis thaliana taxid=3702 arath,MODERATE,137/312,p.Ala137Pro,"0,204747774480712","0,230769230769231","0,211904761904762","0,202127659574468","0,254491017964072",162,"0,175324675324675","-0,0286415711947627","-0,0791663426393965","0,0505247714446338",0.108338916610834,0.203717588492564,FALSE
S.CEREALE.LO7.r2.5RG00432000,chr5R_81203304_T_C,missense_variant,uniref100 wall associated receptor kinase n=1 tax=arabidopsis thaliana taxid=3702 arath,MODERATE,280/340,p.Thr280Ala,"0,00155763239875389","0,027536231884058",0,"0,031390134529148","0,0597667638483965","0,0102880658436214","0,0115207373271889","0,00385390264509001","-0,0482460265212076","0,0520999291662976",0.001519984800152,0.00547974007439413,TRUE
S.CEREALE.LO7.r2.5RG00446720,chr5R_243975649_T_G,missense_variant,q94ay3 e3 ubiquitin protein ligase drip n=3 tax=arabidopsis thaliana taxid=3702 arath,MODERATE,125/282,p.Asp125Ala,"0,0176991150442478","0,0322128851540616","0,0261904761904762","0,0258620689655172","0,0357142857142857","0,02",0,"-0,00635081618854438","-0,0357142857142857","0,0293634695257413",0.001769982300177,0.00622148778512215,TRUE
S.CEREALE.LO7.r2.5RG00529170,chr5R_894076863_C_A,missense_variant,,MODERATE,66/148,p.Ser66Arg,"0,0201238390092879","0,00900900900900901",0,0,"0,0209677419354839",0,0,"-0,00900900900900901","-0,0209677419354839","0,0119587329264749",0.0877191228087719,0.173220627344288,FALSE
S.CEREALE.LO7.r2.6RG00608900,chr6R_773461836_C_G,missense_variant,uniref100 zinc finger protein zat n=1 tax=arabidopsis thaliana taxid=3702 arath,MODERATE,343/431,p.Val343Leu,"0,0341614906832298","0,031437125748503","0,0215311004784689","0,00213675213675214","0,0460251046025105","0,0345528455284553","0,00221238938053097","-0,0293003736117509","-0,0438127152219795","0,0145123416102286",0.957370426295737,0.967326395602615,FALSE
S.CEREALE.LO7.r2.6RG00634580,chr6R_875919910_G_C,missense_variant,unknown protein,MODERATE,191/403,p.Glu191Gln,"0,0848765432098766","0,0883190883190883","0,0580808080808081","0,0560538116591928","0,15987460815047","0,0440528634361234","0,0653153153153153","-0,0322652766598955","-0,0945592928351549","0,0622940161752594",0.020169798302017,0.0499273528391477,TRUE
S.CEREALE.LO7.r2.6RG00636410,chr6R_881970578_C_T,missense_variant,uniref100 f box fbd lrr repeat protein n=1 tax=arabidopsis thaliana taxid=3702 arath,MODERATE,284/535,p.Ala284Val,"0,0294117647058824","0,0176630434782609","0,00241545893719807",0,"0,0200573065902579",0,0,"-0,0176630434782609","-0,0200573065902579","0,00239426311199701",3.09996900031e-4,0.00122431359956063,TRUE
S.CEREALE.LO7.r2.7RG00685880,chr7R_189874656_G_A,missense_variant,uniref100 protein oberon n=1 tax=arabidopsis thaliana taxid=3702 arath,MODERATE,466/768,p.Met466Ile,"0,0142405063291139","0,0139318885448916",0,0,"0,0277777777777778",0,0,"-0,0139318885448916","-0,0277777777777778","0,0138458892328861",0.0790092099079009,0.160067650043961,FALSE
S.CEREALE.LO7.r2.7RG00714340,chr7R_654858333_C_G,missense_variant,uniref100 f box fbd lrr repeat protein n=1 tax=arabidopsis thaliana taxid=3702 arath,MODERATE,180/474,p.Ser180Thr,"0,018018018018018","0,0155807365439093",0,0,"0,0160818713450292",0,0,"-0,0155807365439093","-0,0160818713450292","0,00050113480111989",0.689713102868971,0.781454230546261,FALSE
S.CEREALE.LO7.r2.7RG00720570,chr7R_725071601_C_T,missense_variant,unknown protein,MODERATE,60/172,p.Glu60Lys,"0,0162241887905605","0,0179558011049724",0,0,"0,0197183098591549",0,0,"-0,0179558011049724","-0,0197183098591549","0,00176250875418256",0.499365006349937,0.625763991914448,FALSE
S.CEREALE.LO7.r2.7RG00752410,chr7R_899522255_A_G,missense_variant,unknown protein,MODERATE,49/163,p.Lys49Arg,"0,0343137254901961","0,0208955223880597",0,"0,00232558139534884","0,0316265060240964","0,00210970464135021","0,00454545454545455","-0,0185699409927109","-0,0270810514786418","0,00851111048593097",0.3919960800392,0.511267614596581,FALSE
